SET DATABASE REFERENTIAL INTEGRITY FALSE;

INSERT INTO equipment_type (id, name, version) VALUES (35, 'Enterprise', 0);
INSERT INTO equipment_type (id, name, version) VALUES (36, 'Site', 0);
INSERT INTO equipment_type (id, name, version) VALUES (37, 'Area', 0);
INSERT INTO equipment_type (id, name, version) VALUES (38, 'Process Cell', 0);
INSERT INTO equipment_type (id, name, version) VALUES (39, 'Unit', 0);
INSERT INTO equipment_type (id, name, version) VALUES (40, 'Production Unit', 0);
INSERT INTO equipment_type (id, name, version) VALUES (41, 'Production Line', 0);
INSERT INTO equipment_type (id, name, version) VALUES (42, 'Work Cell', 0);

INSERT INTO equipment (id, description, equipment_id, version, parent, type) VALUES (119, 'Storage area for finished products at the Keraben plant', 'EQ-AreaStorageFinished', 1, 70, 37);
INSERT INTO equipment (id, description, equipment_id, version, parent, type) VALUES (121, 'Storage area for raw tiles (not rectified yet)', 'EQ-AreaStorageRaw', 0, 70, 37);
INSERT INTO equipment (id, description, equipment_id, version, parent, type) VALUES (74, 'Rectifier for sides H1 and H2', 'EQ-HRectifier #1', 6, 120, 39);
INSERT INTO equipment (id, description, equipment_id, version, parent, type) VALUES (73, 'Rectifier for sides V1 and V2', 'EQ-VRectifier #1', 7, 120, 39);
INSERT INTO equipment (id, description, equipment_id, version, parent, type) VALUES (120, 'Tile rectifying line #1 in the production area.', 'EQ-Rectifying Line #1', 1, 118, 38);
INSERT INTO equipment (id, description, equipment_id, version, parent, type) VALUES (69, 'Feeds pieces to the process.', 'EQ-Feeder #1', 3, 120, 39);
INSERT INTO equipment (id, description, equipment_id, version, parent, type) VALUES (72, 'Cuts the pieces to a smaller size', 'EQ-Cutter #1', 6, 120, 39);
INSERT INTO equipment (id, description, equipment_id, version, parent, type) VALUES (75, 'Dryer that removes water from the pieces', 'EQ-Dryer #1', 6, 120, 39);
INSERT INTO equipment (id, description, equipment_id, version, parent, type) VALUES (76, 'Machine that checks the caliber of the pieces', 'EQ-Inspector #1', 6, 120, 39);
INSERT INTO equipment (id, description, equipment_id, version, parent, type) VALUES (77, 'Loads the pieces into boxes', 'EQ-BoxLoader #1', 6, 120, 39);
INSERT INTO equipment (id, description, equipment_id, version, parent, type) VALUES (248, '', 'EQ-Feeder #2', 0, 246, 39);
INSERT INTO equipment (id, description, equipment_id, version, parent, type) VALUES (250, '', 'EQ-HRectifier #2', 0, 246, 39);
INSERT INTO equipment (id, description, equipment_id, version, parent, type) VALUES (251, '', 'EQ-VRectifier #2', 0, 246, 39);
INSERT INTO equipment (id, description, equipment_id, version, parent, type) VALUES (249, '', 'EQ-Cutter #2', 1, 246, 39);
INSERT INTO equipment (id, description, equipment_id, version, parent, type) VALUES (252, '', 'EQ-Dryer #2', 0, 246, 39);
INSERT INTO equipment (id, description, equipment_id, version, parent, type) VALUES (253, '', 'EQ-Inspector #2', 0, 246, 39);
INSERT INTO equipment (id, description, equipment_id, version, parent, type) VALUES (254, '', 'EQ-BoxLoader #2', 0, 246, 39);
INSERT INTO equipment (id, description, equipment_id, version, parent, type) VALUES (71, 'Enterprise Group', 'EQ-Group', 2, NULL, 35);
INSERT INTO equipment (id, description, equipment_id, version, parent, type) VALUES (70, 'Ceramic tile manufacturing plant', 'EQ-FirmTiles', 6, 71, 36);
INSERT INTO equipment (id, description, equipment_id, version, parent, type) VALUES (118, 'Production area of the ceramic tile firm, where tiles are made and rectified', 'EQ-AreaProd', 2, 70, 37);
INSERT INTO equipment (id, description, equipment_id, version, parent, type) VALUES (246, '', 'EQ-Rectifying Line #2', 1, 118, 38);

INSERT INTO priority (id, name, version) VALUES (16, 'Low', 0);
INSERT INTO priority (id, name, version) VALUES (17, 'Medium', 0);
INSERT INTO priority (id, name, version) VALUES (18, 'High', 0);

INSERT INTO unit (id, conversion_factor, name, system_type, version, base_unit, fraction_unit) VALUES (145, 1.0000, 'Meters', NULL, 0, NULL, NULL);
INSERT INTO unit (id, conversion_factor, name, system_type, version, base_unit, fraction_unit) VALUES (146, 1.0000, 'Pieces', NULL, 0, NULL, NULL);
INSERT INTO unit (id, conversion_factor, name, system_type, version, base_unit, fraction_unit) VALUES (60, 1.0000, 'Seconds', 1, 1, NULL, NULL);
INSERT INTO unit (id, conversion_factor, name, system_type, version, base_unit, fraction_unit) VALUES (1, 1.0000, 'N/A', NULL, 1, NULL, NULL);
INSERT INTO unit (id, conversion_factor, name, system_type, version, base_unit, fraction_unit) VALUES (147, 60.0000, 'Minutes', NULL, 0, 60, NULL);
INSERT INTO unit (id, conversion_factor, name, system_type, version, base_unit, fraction_unit) VALUES (108, 0.0010, 'Millimeters', NULL, 2, 145, NULL);
INSERT INTO unit (id, conversion_factor, name, system_type, version, base_unit, fraction_unit) VALUES (149, 0.0100, 'Centimeters', NULL, 0, 145, NULL);
INSERT INTO unit (id, conversion_factor, name, system_type, version, base_unit, fraction_unit) VALUES (150, 0.1000, 'Decimeters', NULL, 0, 145, NULL);
INSERT INTO unit (id, conversion_factor, name, system_type, version, base_unit, fraction_unit) VALUES (245, 1.0000, 'Pieces/Days', NULL, 1, 146, 3);
INSERT INTO unit (id, conversion_factor, name, system_type, version, base_unit, fraction_unit) VALUES (148, 1.0000, 'Minutes/Pieces', NULL, 1, 147, 146);
INSERT INTO unit (id, conversion_factor, name, system_type, version, base_unit, fraction_unit) VALUES (144, 1.0000, 'Seconds/Pieces', NULL, 4, 60, 146);
INSERT INTO unit (id, conversion_factor, name, system_type, version, base_unit, fraction_unit) VALUES (3, 24.0000, 'Days', 0, 3, 2, NULL);
INSERT INTO unit (id, conversion_factor, name, system_type, version, base_unit, fraction_unit) VALUES (2, 60.0000, 'Hours', NULL, 2, 147, NULL);
INSERT INTO unit (id, conversion_factor, name, system_type, version, base_unit, fraction_unit) VALUES (244, 1.0000, 'Hours/Days', NULL, 3, 2, 3);

INSERT INTO process_segment (id, description, duration, published_date, segment_id, version, duration_unit, location, parent) VALUES (155, 'Drying the rectified pieces, reducing their water content.', 120.0000, '2013-10-23 23:10:31', 'SG-R-Drying', 0, 147, 118, NULL);
INSERT INTO process_segment (id, description, duration, published_date, segment_id, version, duration_unit, location, parent) VALUES (156, 'Inspection of the rectified pieces for cracks and inadequate caliber.', 45.0000, '2013-10-23 23:11:18', 'SG-R-Inspection', 0, 144, 118, NULL);
INSERT INTO process_segment (id, description, duration, published_date, segment_id, version, duration_unit, location, parent) VALUES (153, 'Horizontal rectifying on a medium tile.', 5.0000, '2013-10-23 23:09:16', 'SG-R-HRectifying-M', 1, 148, 118, NULL);
INSERT INTO process_segment (id, description, duration, published_date, segment_id, version, duration_unit, location, parent) VALUES (154, 'Vertical rectifying on the piece.', 5.0000, '2013-10-23 23:09:57', 'SG-R-VRectifying-M', 1, 148, 118, NULL);
INSERT INTO process_segment (id, description, duration, published_date, segment_id, version, duration_unit, location, parent) VALUES (166, 'Line setup for standard tile sizes.', 10.0000, '2013-10-23 23:49:39', 'SG-R-Setup-LM', 0, 147, 118, NULL);
INSERT INTO process_segment (id, description, duration, published_date, segment_id, version, duration_unit, location, parent) VALUES (167, 'Line setup time for custom sizes.', 15.0000, '2013-10-23 23:50:07', 'SG-R-Setup-C', 1, 147, 118, NULL);
INSERT INTO process_segment (id, description, duration, published_date, segment_id, version, duration_unit, location, parent) VALUES (164, 'Rectifying the horizontal edges of a large tile.', 7.0000, '2013-10-23 23:45:45', 'SG-R-HRectifying-L', 3, 148, 118, NULL);
INSERT INTO process_segment (id, description, duration, published_date, segment_id, version, duration_unit, location, parent) VALUES (165, 'Rectifying the vertical edges of a large tile.', 7.0000, '2013-10-23 23:46:09', 'SG-R-VRectifying-L', 3, 148, 118, NULL);
INSERT INTO process_segment (id, description, duration, published_date, segment_id, version, duration_unit, location, parent) VALUES (172, 'Rectifing the horizontal edges of a custom-sized tile.', 7.0000, '2013-10-24 01:05:57', 'SG-R-HRectifying-C', 0, 148, 118, NULL);
INSERT INTO process_segment (id, description, duration, published_date, segment_id, version, duration_unit, location, parent) VALUES (173, 'Rectifing the vertical edges of a custom-sized tile.', 7.0000, '2013-10-24 01:07:01', 'SG-R-VRectifying-C', 0, 148, 118, NULL);
INSERT INTO process_segment (id, description, duration, published_date, segment_id, version, duration_unit, location, parent) VALUES (157, 'Loading the rectified tiles into boxes, ready for shipping.', 45.0000, '2013-10-23 23:11:49', 'SG-R-BoxLoading', 1, 144, 119, NULL);
INSERT INTO process_segment (id, description, duration, published_date, segment_id, version, duration_unit, location, parent) VALUES (152, 'Cuts a large raw tile into 2 medium raw tiles.', 5.0000, '2013-10-23 23:07:53', 'SG-R-Cutter', 3, 148, 118, NULL);
INSERT INTO process_segment (id, description, duration, published_date, segment_id, version, duration_unit, location, parent) VALUES (151, 'Feeds medium pieces into the production line.', 30.0000, '2013-10-23 23:07:19', 'SG-R-Feeder-M', 2, 144, 121, NULL);
INSERT INTO process_segment (id, description, duration, published_date, segment_id, version, duration_unit, location, parent) VALUES (254, 'Feeds large pieces into the production line.', 30.0000, '2013-11-04 19:03:00', 'SG-R-Feeder-L', 0, 144, 119, NULL);

INSERT INTO product_production_rule (id, description, published_date, rule_id, version, version_) VALUES (190, '', '2013-10-24 12:17:19', 'PPR-RL2', 'Large tile rectified on 2 sides', 0);
INSERT INTO product_production_rule (id, description, published_date, rule_id, version, version_) VALUES (192, '', '2013-10-24 12:18:12', 'PPR-RL4', 'Large tile rectified on 4 sides', 0);
INSERT INTO product_production_rule (id, description, published_date, rule_id, version, version_) VALUES (193, '', '2013-10-24 12:18:38', 'PPR-RM2', 'Medium tile rectified on 2 sides', 0);
INSERT INTO product_production_rule (id, description, published_date, rule_id, version, version_) VALUES (194, '', '2013-10-24 12:18:50', 'PPR-RM4', 'Medium tile rectified on 4 sides', 0);
INSERT INTO product_production_rule (id, description, published_date, rule_id, version, version_) VALUES (195, '', '2013-10-24 12:19:03', 'PPR-RC2', 'Custom-sized tile rectified on 2 sides', 0);
INSERT INTO product_production_rule (id, description, published_date, rule_id, version, version_) VALUES (196, '', '2013-10-24 12:19:15', 'PPR-RC4', 'Custom-sized tile rectified on 4 sides', 0);

INSERT INTO equipment_class (id, description, name, version) VALUES (161, '', 'EQC-Dryers', 0);
INSERT INTO equipment_class (id, description, name, version) VALUES (162, '', 'EQC-Inspectors', 0);
INSERT INTO equipment_class (id, description, name, version) VALUES (163, '', 'EQC-BoxLoaders', 0);
INSERT INTO equipment_class (id, description, name, version) VALUES (158, 'Machines that feed the tiles into a rectifying line.', 'EQC-Feeders', 1);
INSERT INTO equipment_class (id, description, name, version) VALUES (159, 'Cutters that reduce the tiles to smaller sizes, sometimes producing two or more out of a larger one.', 'EQC-Cutters', 1);
INSERT INTO equipment_class (id, description, name, version) VALUES (164, 'Machines that grind the vertical edges of a tile to reduce deviations from the desired profile.', 'EQC-VRectifiers', 1);
INSERT INTO equipment_class (id, description, name, version) VALUES (160, 'Machines that grind the horizontal edges of a tile to reduce deviations from the desired profile.', 'EQC-HRectifiers', 2);
INSERT INTO equipment_class (id, description, name, version) VALUES (171, '', 'EQC-RectifyingLines', 0);

INSERT INTO production_capability (id, description, end_time, reason, start_time, type, version, capability_id, published_date, location, segment) VALUES (1, '', NULL, 'Default capacity to be applied to every day of the current month.', NULL, 0, 0, 'CAP-Current', '2013-10-24 18:19:25', 118, NULL);

INSERT INTO equipment_capability (id, description, end_time, reason, start_time, type, version, quantity_value, location, production_capability, quantity_unit, equipment, equipment_class) VALUES (1, '', NULL, '', NULL, 0, 2, 1000.0000, 118, 1, 245, 120, NULL);
INSERT INTO equipment_capability (id, description, end_time, reason, start_time, type, version, quantity_value, location, production_capability, quantity_unit, equipment, equipment_class) VALUES (32768, '', NULL, '', NULL, 0, 1, 1000.0000, 118, 1, 245, 246, NULL);
INSERT INTO equipment_capability (id, description, end_time, reason, start_time, type, version, quantity_value, location, production_capability, quantity_unit, equipment, equipment_class) VALUES (98306, '', NULL, '', NULL, 0, 2, 2000.0000, 121, 1, 245, 69, NULL);
INSERT INTO equipment_capability (id, description, end_time, reason, start_time, type, version, quantity_value, location, production_capability, quantity_unit, equipment, equipment_class) VALUES (98304, '', NULL, '', NULL, 0, 1, 1000.0000, 118, 1, 245, 74, NULL);
INSERT INTO equipment_capability (id, description, end_time, reason, start_time, type, version, quantity_value, location, production_capability, quantity_unit, equipment, equipment_class) VALUES (98307, '', NULL, '', NULL, 0, 1, 750.0000, 118, 1, 245, 72, NULL);
INSERT INTO equipment_capability (id, description, end_time, reason, start_time, type, version, quantity_value, location, production_capability, quantity_unit, equipment, equipment_class) VALUES (98305, '', NULL, '', NULL, 0, 2, 1000.0000, 118, 1, 245, 73, NULL);
INSERT INTO equipment_capability (id, description, end_time, reason, start_time, type, version, quantity_value, location, production_capability, quantity_unit, equipment, equipment_class) VALUES (98308, '', NULL, '', NULL, 0, 1, 2000.0000, 118, 1, 245, 75, NULL);
INSERT INTO equipment_capability (id, description, end_time, reason, start_time, type, version, quantity_value, location, production_capability, quantity_unit, equipment, equipment_class) VALUES (98309, '', NULL, '', NULL, 0, 1, 2000.0000, 118, 1, 245, 76, NULL);
INSERT INTO equipment_capability (id, description, end_time, reason, start_time, type, version, quantity_value, location, production_capability, quantity_unit, equipment, equipment_class) VALUES (98310, '', NULL, '', NULL, 0, 3, 1000.0000, 119, 1, 245, 77, NULL);
INSERT INTO equipment_capability (id, description, end_time, reason, start_time, type, version, quantity_value, location, production_capability, quantity_unit, equipment, equipment_class) VALUES (98312, '', NULL, '', NULL, 0, 1, 1000.0000, 118, 1, 245, 250, NULL);
INSERT INTO equipment_capability (id, description, end_time, reason, start_time, type, version, quantity_value, location, production_capability, quantity_unit, equipment, equipment_class) VALUES (98313, '', NULL, '', NULL, 0, 1, 1000.0000, 118, 1, 245, 251, NULL);
INSERT INTO equipment_capability (id, description, end_time, reason, start_time, type, version, quantity_value, location, production_capability, quantity_unit, equipment, equipment_class) VALUES (98315, '', NULL, '', NULL, 0, 1, 1000.0000, 118, 1, 245, 249, NULL);
INSERT INTO equipment_capability (id, description, end_time, reason, start_time, type, version, quantity_value, location, production_capability, quantity_unit, equipment, equipment_class) VALUES (98316, '', NULL, '', NULL, 0, 1, 2000.0000, 118, 1, 245, 252, NULL);
INSERT INTO equipment_capability (id, description, end_time, reason, start_time, type, version, quantity_value, location, production_capability, quantity_unit, equipment, equipment_class) VALUES (98317, '', NULL, '', NULL, 0, 1, 2000.0000, 118, 1, 245, 253, NULL);
INSERT INTO equipment_capability (id, description, end_time, reason, start_time, type, version, quantity_value, location, production_capability, quantity_unit, equipment, equipment_class) VALUES (98318, '', NULL, '', NULL, 0, 1, 1000.0000, 119, 1, 245, 254, NULL);
INSERT INTO equipment_capability (id, description, end_time, reason, start_time, type, version, quantity_value, location, production_capability, quantity_unit, equipment, equipment_class) VALUES (98311, '', NULL, '', NULL, 0, 2, 1000.0000, 121, 1, 245, 248, NULL);

INSERT INTO equipment_classes (members, classes) VALUES (69, 158);
INSERT INTO equipment_classes (members, classes) VALUES (72, 159);
INSERT INTO equipment_classes (members, classes) VALUES (75, 161);
INSERT INTO equipment_classes (members, classes) VALUES (76, 162);
INSERT INTO equipment_classes (members, classes) VALUES (77, 163);
INSERT INTO equipment_classes (members, classes) VALUES (74, 160);
INSERT INTO equipment_classes (members, classes) VALUES (73, 164);
INSERT INTO equipment_classes (members, classes) VALUES (120, 171);
INSERT INTO equipment_classes (members, classes) VALUES (246, 171);
INSERT INTO equipment_classes (members, classes) VALUES (248, 158);
INSERT INTO equipment_classes (members, classes) VALUES (249, 159);
INSERT INTO equipment_classes (members, classes) VALUES (250, 160);
INSERT INTO equipment_classes (members, classes) VALUES (251, 164);
INSERT INTO equipment_classes (members, classes) VALUES (252, 161);
INSERT INTO equipment_classes (members, classes) VALUES (253, 162);
INSERT INTO equipment_classes (members, classes) VALUES (254, 163);

INSERT INTO equipment_segment_spec (id, description, quantity_value, version, process_segment, quantity_unit, equipment, equipment_class) VALUES (2, '', NULL, 0, 155, NULL, NULL, 161);
INSERT INTO equipment_segment_spec (id, description, quantity_value, version, process_segment, quantity_unit, equipment, equipment_class) VALUES (32769, '', NULL, 0, 153, NULL, NULL, 160);
INSERT INTO equipment_segment_spec (id, description, quantity_value, version, process_segment, quantity_unit, equipment, equipment_class) VALUES (32770, '', NULL, 0, 154, NULL, NULL, 164);
INSERT INTO equipment_segment_spec (id, description, quantity_value, version, process_segment, quantity_unit, equipment, equipment_class) VALUES (32771, '', NULL, 0, 152, NULL, NULL, 159);
INSERT INTO equipment_segment_spec (id, description, quantity_value, version, process_segment, quantity_unit, equipment, equipment_class) VALUES (32772, '', NULL, 0, 156, NULL, NULL, 162);
INSERT INTO equipment_segment_spec (id, description, quantity_value, version, process_segment, quantity_unit, equipment, equipment_class) VALUES (32768, '', NULL, 1, 151, NULL, NULL, 158);
INSERT INTO equipment_segment_spec (id, description, quantity_value, version, process_segment, quantity_unit, equipment, equipment_class) VALUES (32773, '', NULL, 0, 157, NULL, NULL, 163);
INSERT INTO equipment_segment_spec (id, description, quantity_value, version, process_segment, quantity_unit, equipment, equipment_class) VALUES (32775, '', NULL, 0, 164, NULL, NULL, 160);
INSERT INTO equipment_segment_spec (id, description, quantity_value, version, process_segment, quantity_unit, equipment, equipment_class) VALUES (32776, '', NULL, 0, 165, NULL, NULL, 164);
INSERT INTO equipment_segment_spec (id, description, quantity_value, version, process_segment, quantity_unit, equipment, equipment_class) VALUES (32777, '', NULL, 0, 172, NULL, NULL, 160);
INSERT INTO equipment_segment_spec (id, description, quantity_value, version, process_segment, quantity_unit, equipment, equipment_class) VALUES (32778, '', NULL, 0, 173, NULL, NULL, 164);
INSERT INTO equipment_segment_spec (id, description, quantity_value, version, process_segment, quantity_unit, equipment, equipment_class) VALUES (65536, '', NULL, 0, 254, NULL, NULL, 158);

INSERT INTO equipment_spec (id, description, quantity_value, version, quantity_unit, segment) VALUES (1, 'The entire line is reserved during the process.', NULL, 0, NULL, 239);
INSERT INTO equipment_spec (id, description, quantity_value, version, quantity_unit, segment) VALUES (2, 'The entire line is reserved during the process.', NULL, 0, NULL, 240);
INSERT INTO equipment_spec (id, description, quantity_value, version, quantity_unit, segment) VALUES (3, 'The entire line is reserved during the process.', NULL, 0, NULL, 241);
INSERT INTO equipment_spec (id, description, quantity_value, version, quantity_unit, segment) VALUES (4, 'The entire line is reserved during the process.', NULL, 0, NULL, 242);
INSERT INTO equipment_spec (id, description, quantity_value, version, quantity_unit, segment) VALUES (5, 'The entire line is reserved during the process.', NULL, 0, NULL, 243);
INSERT INTO equipment_spec (id, description, quantity_value, version, quantity_unit, segment) VALUES (6, 'The entire line is reserved during the process.', NULL, 0, NULL, 244);

INSERT INTO equipment_spec_equipment_classes (equipment_spec, equipment_classes) VALUES (1, 171);
INSERT INTO equipment_spec_equipment_classes (equipment_spec, equipment_classes) VALUES (2, 171);
INSERT INTO equipment_spec_equipment_classes (equipment_spec, equipment_classes) VALUES (3, 171);
INSERT INTO equipment_spec_equipment_classes (equipment_spec, equipment_classes) VALUES (4, 171);
INSERT INTO equipment_spec_equipment_classes (equipment_spec, equipment_classes) VALUES (5, 171);
INSERT INTO equipment_spec_equipment_classes (equipment_spec, equipment_classes) VALUES (6, 171);

INSERT INTO hibernate_sequences (sequence_name, sequence_next_hi_value) VALUES ('personnel_segment_spec', 1);
INSERT INTO hibernate_sequences (sequence_name, sequence_next_hi_value) VALUES ('equipment_spec', 1);
INSERT INTO hibernate_sequences (sequence_name, sequence_next_hi_value) VALUES ('material_capability', 1);
INSERT INTO hibernate_sequences (sequence_name, sequence_next_hi_value) VALUES ('material_segment_spec', 2);
INSERT INTO hibernate_sequences (sequence_name, sequence_next_hi_value) VALUES ('equipment_capability', 4);
INSERT INTO hibernate_sequences (sequence_name, sequence_next_hi_value) VALUES ('equipment_segment_spec', 3);
INSERT INTO hibernate_sequences (sequence_name, sequence_next_hi_value) VALUES ('production_capability', 4);
INSERT INTO hibernate_sequences (sequence_name, sequence_next_hi_value) VALUES ('personnel_capability', 4);

INSERT INTO maintenance_order_status (id, name, version) VALUES (126, 'In work', 0);
INSERT INTO maintenance_order_status (id, name, version) VALUES (127, 'Not started', 0);
INSERT INTO maintenance_order_status (id, name, version) VALUES (128, 'Assigned', 0);

INSERT INTO maintenance_request_status (id, name, version) VALUES (129, 'Submitted', 0);
INSERT INTO maintenance_request_status (id, name, version) VALUES (130, 'Denied', 1);
INSERT INTO maintenance_request_status (id, name, version) VALUES (131, 'Closed', 0);
INSERT INTO maintenance_request_status (id, name, version) VALUES (132, 'In work', 0);
INSERT INTO maintenance_request_status (id, name, version) VALUES (133, 'In review', 0);

INSERT INTO person (id, description, name, nationalid, surnames, version) VALUES (139, '', 'Operator 1', '00000001A', '', 0);
INSERT INTO person (id, description, name, nationalid, surnames, version) VALUES (140, '', 'Operator 2', '00000002B', '', 0);
INSERT INTO person (id, description, name, nationalid, surnames, version) VALUES (141, '', 'Operator 3', '00000003C', '', 0);
INSERT INTO person (id, description, name, nationalid, surnames, version) VALUES (142, '', 'Operator 4', '00000004D', '', 0);
INSERT INTO person (id, description, name, nationalid, surnames, version) VALUES (143, '', 'Rectifying Section Chief', '00000005E', '', 0);

INSERT INTO maintenance_response_status (id, name, version) VALUES (134, 'In process', 0);
INSERT INTO maintenance_response_status (id, name, version) VALUES (135, 'Suspended', 0);
INSERT INTO maintenance_response_status (id, name, version) VALUES (136, 'Completed', 0);

INSERT INTO material_class (id, class_id, description, version) VALUES (95, 'Consumables', 'Consumables required by the process', 0);
INSERT INTO material_class (id, class_id, description, version) VALUES (96, 'Source Material', 'Materials used as inputs for the process', 0);
INSERT INTO material_class (id, class_id, description, version) VALUES (103, 'Rectified tiles', 'Tiles that have been rectified on 2 or more sides. These are our finished goods.', 1);

INSERT INTO material_definition (id, definition_id, description, version) VALUES (99, 'CNS-01-GW', 'Grinding wheels required by the rectifiers', 2);
INSERT INTO material_definition (id, definition_id, description, version) VALUES (100, 'CNS-02-BR', 'Replacement belts for the process', 2);
INSERT INTO material_definition (id, definition_id, description, version) VALUES (101, 'SM-01-M', 'Medium-size porcelanic tile, before rectifying', 3);
INSERT INTO material_definition (id, definition_id, description, version) VALUES (102, 'SM-02-L', 'Large-sized porcelanic tile, before rectifying', 3);
INSERT INTO material_definition (id, definition_id, description, version) VALUES (104, 'FP-01-M4', 'Medium-sized porcelanic tile, after rectifying on 4 sides', 1);
INSERT INTO material_definition (id, definition_id, description, version) VALUES (105, 'FP-02-M2', 'Medium-sized porcelanic tile after rectifying on 2 sides', 1);
INSERT INTO material_definition (id, definition_id, description, version) VALUES (106, 'FP-03-L2', 'Large-sized porcelanic tile, after rectifying on 2 sides', 1);
INSERT INTO material_definition (id, definition_id, description, version) VALUES (107, 'FP-04-L4', 'Large-sized porcelanic tile, after rectifying on 4 sides', 1);
INSERT INTO material_definition (id, definition_id, description, version) VALUES (168, 'SM-03-C', 'Custom-cut tiles (from large tiles)', 0);
INSERT INTO material_definition (id, definition_id, description, version) VALUES (169, 'FP-05-C4', 'Custom-cut rectified tile on 4 sides', 0);
INSERT INTO material_definition (id, definition_id, description, version) VALUES (170, 'FP-06-C2', 'Custom-cut rectified tile on 2 sides', 0);

INSERT INTO material_lot_status (id, name, version) VALUES (113, 'Released', 0);
INSERT INTO material_lot_status (id, name, version) VALUES (114, 'Approved', 0);
INSERT INTO material_lot_status (id, name, version) VALUES (115, 'Blocked', 0);
INSERT INTO material_lot_status (id, name, version) VALUES (116, 'In process', 0);
INSERT INTO material_lot_status (id, name, version) VALUES (117, 'In QC', 0);

INSERT INTO material_lot (id, description, lot_id, version, definition, status) VALUES (121, 'Lot #1 of SM-01-M', 'SM-01-M-L01', 0, 101, 113);
INSERT INTO material_lot (id, description, lot_id, version, definition, status) VALUES (122, 'Lot #1 of SM-02-L', 'SM-02-L-L01', 0, 102, 113);
INSERT INTO material_sublot (id, description, quantity_value, sublot_id, version, lot, parent, quantity_unit, status, storage_location) VALUES (122, 'Sublot #1 of SM-01-M-L01', 3000.0000, 'SM-01-M-L01-S01', 0, 121, NULL, 146, 113, 121);
INSERT INTO material_sublot (id, description, quantity_value, sublot_id, version, lot, parent, quantity_unit, status, storage_location) VALUES (123, 'Sublot #1 of SM-02-L-L01', 3000.0000, 'SM-02-L-L01-S01', 0, 122, NULL, 146, 113, 121);

INSERT INTO material_definition_material_classes (definitions, material_classes) VALUES (99, 95);
INSERT INTO material_definition_material_classes (definitions, material_classes) VALUES (100, 95);
INSERT INTO material_definition_material_classes (definitions, material_classes) VALUES (101, 96);
INSERT INTO material_definition_material_classes (definitions, material_classes) VALUES (102, 96);
INSERT INTO material_definition_material_classes (definitions, material_classes) VALUES (104, 103);
INSERT INTO material_definition_material_classes (definitions, material_classes) VALUES (105, 103);
INSERT INTO material_definition_material_classes (definitions, material_classes) VALUES (106, 103);
INSERT INTO material_definition_material_classes (definitions, material_classes) VALUES (107, 103);
INSERT INTO material_definition_material_classes (definitions, material_classes) VALUES (168, 96);
INSERT INTO material_definition_material_classes (definitions, material_classes) VALUES (169, 103);
INSERT INTO material_definition_material_classes (definitions, material_classes) VALUES (170, 103);

INSERT INTO material_definition_property (id, description, name, value, version, unit, definition) VALUES (109, '', 'Caliber', 'G1', 0, 108, 104);
INSERT INTO material_definition_property (id, description, name, value, version, unit, definition) VALUES (110, 'G2', 'Caliber', '', 0, 108, 105);
INSERT INTO material_definition_property (id, description, name, value, version, unit, definition) VALUES (111, '', 'Caliber', 'G3', 0, 108, 107);
INSERT INTO material_definition_property (id, description, name, value, version, unit, definition) VALUES (112, '', 'Caliber', 'G4', 0, 108, 106);

INSERT INTO material_segment_spec (id, description, quantity_value, version, material_use, process_segment, quantity_unit, material_class, material_definition) VALUES (1, '', 30.0000, 2, 0, 153, 146, NULL, 101);
INSERT INTO material_segment_spec (id, description, quantity_value, version, material_use, process_segment, quantity_unit, material_class, material_definition) VALUES (2, '', 30.0000, 2, 1, 153, 146, NULL, 105);
INSERT INTO material_segment_spec (id, description, quantity_value, version, material_use, process_segment, quantity_unit, material_class, material_definition) VALUES (3, '', 30.0000, 2, 0, 154, 146, NULL, 105);
INSERT INTO material_segment_spec (id, description, quantity_value, version, material_use, process_segment, quantity_unit, material_class, material_definition) VALUES (4, '', 30.0000, 2, 1, 154, 146, NULL, 104);
INSERT INTO material_segment_spec (id, description, quantity_value, version, material_use, process_segment, quantity_unit, material_class, material_definition) VALUES (6, '', 30.0000, 2, 1, 164, 146, NULL, 106);
INSERT INTO material_segment_spec (id, description, quantity_value, version, material_use, process_segment, quantity_unit, material_class, material_definition) VALUES (9, '', 30.0000, 1, 1, 165, 146, NULL, 107);
INSERT INTO material_segment_spec (id, description, quantity_value, version, material_use, process_segment, quantity_unit, material_class, material_definition) VALUES (5, '', 30.0000, 2, 0, 164, 146, NULL, 102);
INSERT INTO material_segment_spec (id, description, quantity_value, version, material_use, process_segment, quantity_unit, material_class, material_definition) VALUES (8, '', 30.0000, 2, 0, 165, 146, NULL, 106);
INSERT INTO material_segment_spec (id, description, quantity_value, version, material_use, process_segment, quantity_unit, material_class, material_definition) VALUES (7, '', 30.0000, 2, 0, 172, 146, NULL, 168);
INSERT INTO material_segment_spec (id, description, quantity_value, version, material_use, process_segment, quantity_unit, material_class, material_definition) VALUES (10, '', 30.0000, 1, 1, 172, 146, NULL, 170);
INSERT INTO material_segment_spec (id, description, quantity_value, version, material_use, process_segment, quantity_unit, material_class, material_definition) VALUES (11, '', 30.0000, 1, 0, 173, 146, NULL, 170);
INSERT INTO material_segment_spec (id, description, quantity_value, version, material_use, process_segment, quantity_unit, material_class, material_definition) VALUES (12, '', 30.0000, 1, 1, 173, 146, NULL, 169);
INSERT INTO material_segment_spec (id, description, quantity_value, version, material_use, process_segment, quantity_unit, material_class, material_definition) VALUES (13, '', 30.0000, 1, 0, 152, 146, NULL, 102);
INSERT INTO material_segment_spec (id, description, quantity_value, version, material_use, process_segment, quantity_unit, material_class, material_definition) VALUES (14, '', 30.0000, 1, 1, 152, 146, NULL, 168);
INSERT INTO material_segment_spec (id, description, quantity_value, version, material_use, process_segment, quantity_unit, material_class, material_definition) VALUES (32768, '', 30.0000, 0, 0, 151, 146, NULL, 101);
INSERT INTO material_segment_spec (id, description, quantity_value, version, material_use, process_segment, quantity_unit, material_class, material_definition) VALUES (32770, '', 30.0000, 0, 1, 151, 146, NULL, 101);
INSERT INTO material_segment_spec (id, description, quantity_value, version, material_use, process_segment, quantity_unit, material_class, material_definition) VALUES (32769, '', 30.0000, 0, 0, 254, 146, NULL, 102);
INSERT INTO material_segment_spec (id, description, quantity_value, version, material_use, process_segment, quantity_unit, material_class, material_definition) VALUES (32771, '', 30.0000, 0, 1, 254, 146, NULL, 102);


INSERT INTO person_class (id, description, name, version) VALUES (124, '', 'Operators', 0);
INSERT INTO person_class (id, description, name, version) VALUES (125, '', 'Plant Managers', 0);
INSERT INTO person_classes (members, classes) VALUES (139, 124);
INSERT INTO person_classes (members, classes) VALUES (140, 124);
INSERT INTO person_classes (members, classes) VALUES (141, 124);
INSERT INTO person_classes (members, classes) VALUES (142, 124);
INSERT INTO person_classes (members, classes) VALUES (143, 125);


INSERT INTO personnel_capability (id, description, end_time, reason, start_time, type, version, quantity_value, location, production_capability, quantity_unit, person, personnel_class) VALUES (1, '', NULL, '', NULL, 0, 3, 6.0000, 118, 1, 244, 139, NULL);
INSERT INTO personnel_capability (id, description, end_time, reason, start_time, type, version, quantity_value, location, production_capability, quantity_unit, person, personnel_class) VALUES (32768, '', NULL, '', NULL, 0, 1, 6.0000, 118, 1, 244, 140, NULL);
INSERT INTO personnel_capability (id, description, end_time, reason, start_time, type, version, quantity_value, location, production_capability, quantity_unit, person, personnel_class) VALUES (32769, '', NULL, '', NULL, 0, 1, 6.0000, 118, 1, 244, 141, NULL);
INSERT INTO personnel_capability (id, description, end_time, reason, start_time, type, version, quantity_value, location, production_capability, quantity_unit, person, personnel_class) VALUES (32770, '', NULL, '', NULL, 0, 1, 6.0000, 118, 1, 244, 142, NULL);


INSERT INTO personnel_segment_spec (id, description, quantity_value, version, process_segment, quantity_unit, person, person_class) VALUES (1, '', NULL, 1, 151, NULL, NULL, 124);
INSERT INTO personnel_segment_spec (id, description, quantity_value, version, process_segment, quantity_unit, person, person_class) VALUES (4, '', NULL, 1, 152, NULL, NULL, 124);
INSERT INTO personnel_segment_spec (id, description, quantity_value, version, process_segment, quantity_unit, person, person_class) VALUES (3, '', NULL, 2, 154, NULL, NULL, 124);
INSERT INTO personnel_segment_spec (id, description, quantity_value, version, process_segment, quantity_unit, person, person_class) VALUES (2, '', NULL, 1, 153, NULL, NULL, 124);
INSERT INTO personnel_segment_spec (id, description, quantity_value, version, process_segment, quantity_unit, person, person_class) VALUES (6, '', NULL, 0, 156, NULL, NULL, 124);
INSERT INTO personnel_segment_spec (id, description, quantity_value, version, process_segment, quantity_unit, person, person_class) VALUES (7, '', NULL, 0, 157, NULL, NULL, 124);
INSERT INTO personnel_segment_spec (id, description, quantity_value, version, process_segment, quantity_unit, person, person_class) VALUES (8, '', NULL, 0, 164, NULL, NULL, 124);
INSERT INTO personnel_segment_spec (id, description, quantity_value, version, process_segment, quantity_unit, person, person_class) VALUES (9, '', NULL, 1, 165, NULL, NULL, 124);
INSERT INTO personnel_segment_spec (id, description, quantity_value, version, process_segment, quantity_unit, person, person_class) VALUES (10, '', NULL, 0, 166, NULL, NULL, 124);
INSERT INTO personnel_segment_spec (id, description, quantity_value, version, process_segment, quantity_unit, person, person_class) VALUES (11, '', NULL, 0, 167, NULL, NULL, 124);
INSERT INTO personnel_segment_spec (id, description, quantity_value, version, process_segment, quantity_unit, person, person_class) VALUES (12, '', NULL, 0, 172, NULL, NULL, 124);
INSERT INTO personnel_segment_spec (id, description, quantity_value, version, process_segment, quantity_unit, person, person_class) VALUES (13, '', NULL, 0, 173, NULL, NULL, 124);
INSERT INTO personnel_segment_spec (id, description, quantity_value, version, process_segment, quantity_unit, person, person_class) VALUES (5, '', NULL, 2, 155, NULL, NULL, 124);


INSERT INTO process_segment_dependency (id, dependency_type, description, timing_factor, version, segmenta, segmentb, timing_unit) VALUES (174, 5, '', NULL, 0, 166, 151, NULL);
INSERT INTO process_segment_dependency (id, dependency_type, description, timing_factor, version, segmenta, segmentb, timing_unit) VALUES (179, 5, '', NULL, 1, 152, 172, NULL);
INSERT INTO process_segment_dependency (id, dependency_type, description, timing_factor, version, segmenta, segmentb, timing_unit) VALUES (180, 5, '', NULL, 0, 153, 154, NULL);
INSERT INTO process_segment_dependency (id, dependency_type, description, timing_factor, version, segmenta, segmentb, timing_unit) VALUES (181, 5, '', NULL, 0, 164, 165, NULL);
INSERT INTO process_segment_dependency (id, dependency_type, description, timing_factor, version, segmenta, segmentb, timing_unit) VALUES (182, 5, '', NULL, 0, 172, 173, NULL);
INSERT INTO process_segment_dependency (id, dependency_type, description, timing_factor, version, segmenta, segmentb, timing_unit) VALUES (183, 5, '', NULL, 0, 154, 155, NULL);
INSERT INTO process_segment_dependency (id, dependency_type, description, timing_factor, version, segmenta, segmentb, timing_unit) VALUES (184, 5, '', NULL, 0, 165, 155, NULL);
INSERT INTO process_segment_dependency (id, dependency_type, description, timing_factor, version, segmenta, segmentb, timing_unit) VALUES (185, 5, '', NULL, 2, 173, 155, NULL);
INSERT INTO process_segment_dependency (id, dependency_type, description, timing_factor, version, segmenta, segmentb, timing_unit) VALUES (186, 5, '', NULL, 0, 153, 155, NULL);
INSERT INTO process_segment_dependency (id, dependency_type, description, timing_factor, version, segmenta, segmentb, timing_unit) VALUES (187, 5, '', NULL, 0, 164, 155, NULL);
INSERT INTO process_segment_dependency (id, dependency_type, description, timing_factor, version, segmenta, segmentb, timing_unit) VALUES (188, 5, '', NULL, 0, 172, 155, NULL);
INSERT INTO process_segment_dependency (id, dependency_type, description, timing_factor, version, segmenta, segmentb, timing_unit) VALUES (189, 5, '', NULL, 0, 155, 156, NULL);
INSERT INTO process_segment_dependency (id, dependency_type, description, timing_factor, version, segmenta, segmentb, timing_unit) VALUES (190, 5, '', NULL, 0, 156, 157, NULL);
INSERT INTO process_segment_dependency (id, dependency_type, description, timing_factor, version, segmenta, segmentb, timing_unit) VALUES (255, 5, '', NULL, 0, 254, 152, NULL);
INSERT INTO process_segment_dependency (id, dependency_type, description, timing_factor, version, segmenta, segmentb, timing_unit) VALUES (256, 5, '', NULL, 0, 254, 164, NULL);
INSERT INTO process_segment_dependency (id, dependency_type, description, timing_factor, version, segmenta, segmentb, timing_unit) VALUES (257, 5, '', NULL, 0, 151, 153, NULL);
INSERT INTO process_segment_dependency (id, dependency_type, description, timing_factor, version, segmenta, segmentb, timing_unit) VALUES (175, 5, '', NULL, 1, 167, 254, NULL);
INSERT INTO process_segment_dependency (id, dependency_type, description, timing_factor, version, segmenta, segmentb, timing_unit) VALUES (258, 5, '', NULL, 0, 166, 254, NULL);

INSERT INTO product_segment (id, description, duration, segment_id, version, duration_unit, parent, rule) VALUES (239, '', NULL, 'PPR-RL2-Parent', 0, NULL, NULL, 190);
INSERT INTO product_segment (id, description, duration, segment_id, version, duration_unit, parent, rule) VALUES (240, '', NULL, 'PPR-RL4-Parent', 0, NULL, NULL, 192);
INSERT INTO product_segment (id, description, duration, segment_id, version, duration_unit, parent, rule) VALUES (241, '', NULL, 'PPR-RM2-Parent', 0, NULL, NULL, 193);
INSERT INTO product_segment (id, description, duration, segment_id, version, duration_unit, parent, rule) VALUES (242, '', NULL, 'PPR-RM4-Parent', 0, NULL, NULL, 194);
INSERT INTO product_segment (id, description, duration, segment_id, version, duration_unit, parent, rule) VALUES (243, '', NULL, 'PPR-RC2-Parent', 0, NULL, NULL, 195);
INSERT INTO product_segment (id, description, duration, segment_id, version, duration_unit, parent, rule) VALUES (244, '', NULL, 'PPR-RC4-Parent', 0, NULL, NULL, 196);
INSERT INTO product_segment (id, description, duration, segment_id, version, duration_unit, parent, rule) VALUES (201, '', NULL, 'PPR-RL2-BoxLoading', 1, NULL, 239, 190);
INSERT INTO product_segment (id, description, duration, segment_id, version, duration_unit, parent, rule) VALUES (202, '', NULL, 'PPR-RL2-Setup', 1, NULL, 239, 190);
INSERT INTO product_segment (id, description, duration, segment_id, version, duration_unit, parent, rule) VALUES (204, '', NULL, 'PPR-RL4-HRectifying', 1, NULL, 240, 192);
INSERT INTO product_segment (id, description, duration, segment_id, version, duration_unit, parent, rule) VALUES (205, '', NULL, 'PPR-RL4-VRectifying', 1, NULL, 240, 192);
INSERT INTO product_segment (id, description, duration, segment_id, version, duration_unit, parent, rule) VALUES (206, '', NULL, 'PPR-RL4-Setup', 1, NULL, 240, 192);
INSERT INTO product_segment (id, description, duration, segment_id, version, duration_unit, parent, rule) VALUES (207, '', NULL, 'PPR-RL4-Drying', 1, NULL, 240, 192);
INSERT INTO product_segment (id, description, duration, segment_id, version, duration_unit, parent, rule) VALUES (208, '', NULL, 'PPR-RL4-Inspection', 1, NULL, 240, 192);
INSERT INTO product_segment (id, description, duration, segment_id, version, duration_unit, parent, rule) VALUES (209, '', NULL, 'PPR-RL4-BoxLoading', 1, NULL, 240, 192);
INSERT INTO product_segment (id, description, duration, segment_id, version, duration_unit, parent, rule) VALUES (210, '', NULL, 'PPR-RM2-Setup', 1, NULL, 241, 193);
INSERT INTO product_segment (id, description, duration, segment_id, version, duration_unit, parent, rule) VALUES (211, '', NULL, 'PPR-RM2-Feed', 1, NULL, 241, 193);
INSERT INTO product_segment (id, description, duration, segment_id, version, duration_unit, parent, rule) VALUES (212, '', NULL, 'PPR-RM2-HRectifying', 1, NULL, 241, 193);
INSERT INTO product_segment (id, description, duration, segment_id, version, duration_unit, parent, rule) VALUES (213, '', NULL, 'PPR-RM2-Drying', 1, NULL, 241, 193);
INSERT INTO product_segment (id, description, duration, segment_id, version, duration_unit, parent, rule) VALUES (214, '', NULL, 'PPR-RM2-Inspection', 1, NULL, 241, 193);
INSERT INTO product_segment (id, description, duration, segment_id, version, duration_unit, parent, rule) VALUES (215, '', NULL, 'PPR-RM2-BoxLoading', 1, NULL, 241, 193);
INSERT INTO product_segment (id, description, duration, segment_id, version, duration_unit, parent, rule) VALUES (216, '', NULL, 'PPR-RM4-Setup', 1, NULL, 242, 194);
INSERT INTO product_segment (id, description, duration, segment_id, version, duration_unit, parent, rule) VALUES (217, '', NULL, 'PPR-RM4-Feed', 1, NULL, 242, 194);
INSERT INTO product_segment (id, description, duration, segment_id, version, duration_unit, parent, rule) VALUES (218, '', NULL, 'PPR-RM4-HRectifying', 1, NULL, 242, 194);
INSERT INTO product_segment (id, description, duration, segment_id, version, duration_unit, parent, rule) VALUES (219, '', NULL, 'PPR-RM4-VRectifying', 1, NULL, 242, 194);
INSERT INTO product_segment (id, description, duration, segment_id, version, duration_unit, parent, rule) VALUES (221, '', NULL, 'PPR-RM4-Drying', 2, NULL, 242, 194);
INSERT INTO product_segment (id, description, duration, segment_id, version, duration_unit, parent, rule) VALUES (222, '', NULL, 'PPR-RM4-Inspection', 1, NULL, 242, 194);
INSERT INTO product_segment (id, description, duration, segment_id, version, duration_unit, parent, rule) VALUES (223, '', NULL, 'PPR-RM4-BoxLoading', 1, NULL, 242, 194);
INSERT INTO product_segment (id, description, duration, segment_id, version, duration_unit, parent, rule) VALUES (224, '', NULL, 'PPR-RC2-Setup', 1, NULL, 243, 195);
INSERT INTO product_segment (id, description, duration, segment_id, version, duration_unit, parent, rule) VALUES (226, '', NULL, 'PPR-RC2-HRectifying', 1, NULL, 243, 195);
INSERT INTO product_segment (id, description, duration, segment_id, version, duration_unit, parent, rule) VALUES (227, '', NULL, 'PPR-RC2-Drying', 1, NULL, 243, 195);
INSERT INTO product_segment (id, description, duration, segment_id, version, duration_unit, parent, rule) VALUES (228, '', NULL, 'PPR-RC2-Inspection', 1, NULL, 243, 195);
INSERT INTO product_segment (id, description, duration, segment_id, version, duration_unit, parent, rule) VALUES (230, '', NULL, 'PPR-RC2-Cut', 1, NULL, 243, 195);
INSERT INTO product_segment (id, description, duration, segment_id, version, duration_unit, parent, rule) VALUES (229, '', NULL, 'PPR-RC2-BoxLoading', 2, NULL, 243, 195);
INSERT INTO product_segment (id, description, duration, segment_id, version, duration_unit, parent, rule) VALUES (231, '', NULL, 'PPR-RC4-Setup', 1, NULL, 244, 196);
INSERT INTO product_segment (id, description, duration, segment_id, version, duration_unit, parent, rule) VALUES (233, '', NULL, 'PPR-RC4-Cut', 1, NULL, 244, 196);
INSERT INTO product_segment (id, description, duration, segment_id, version, duration_unit, parent, rule) VALUES (234, '', NULL, 'PPR-RC4-HRectifying', 1, NULL, 244, 196);
INSERT INTO product_segment (id, description, duration, segment_id, version, duration_unit, parent, rule) VALUES (235, '', NULL, 'PPR-RC4-VRectifying', 1, NULL, 244, 196);
INSERT INTO product_segment (id, description, duration, segment_id, version, duration_unit, parent, rule) VALUES (236, '', NULL, 'PPR-RC4-Drying', 1, NULL, 244, 196);
INSERT INTO product_segment (id, description, duration, segment_id, version, duration_unit, parent, rule) VALUES (237, '', NULL, 'PPR-RC4-Inspection', 1, NULL, 244, 196);
INSERT INTO product_segment (id, description, duration, segment_id, version, duration_unit, parent, rule) VALUES (238, '', NULL, 'PPR-RC4-BoxLoading', 1, NULL, 244, 196);
INSERT INTO product_segment (id, description, duration, segment_id, version, duration_unit, parent, rule) VALUES (198, '', NULL, 'PRR-RL2-Dry', 2, NULL, 239, 190);
INSERT INTO product_segment (id, description, duration, segment_id, version, duration_unit, parent, rule) VALUES (199, '', NULL, 'PPR-RL2-Inspect', 2, NULL, 239, 190);
INSERT INTO product_segment (id, description, duration, segment_id, version, duration_unit, parent, rule) VALUES (200, '', NULL, 'PPR-RL2-HRectifying', 2, NULL, 239, 190);
INSERT INTO product_segment (id, description, duration, segment_id, version, duration_unit, parent, rule) VALUES (203, '', NULL, 'PPR-RL4-Feed', 2, NULL, 240, 192);
INSERT INTO product_segment (id, description, duration, segment_id, version, duration_unit, parent, rule) VALUES (225, '', NULL, 'PPR-RC2-Feed', 2, NULL, 243, 195);
INSERT INTO product_segment (id, description, duration, segment_id, version, duration_unit, parent, rule) VALUES (232, '', NULL, 'PPR-RC4-Feed', 2, NULL, 244, 196);
INSERT INTO product_segment (id, description, duration, segment_id, version, duration_unit, parent, rule) VALUES (197, '', NULL, 'PPR-RL2-Feed', 4, NULL, 239, 190);

INSERT INTO product_segment_process_segment (product_segment, process_segment) VALUES (198, 155);
INSERT INTO product_segment_process_segment (product_segment, process_segment) VALUES (199, 156);
INSERT INTO product_segment_process_segment (product_segment, process_segment) VALUES (200, 164);
INSERT INTO product_segment_process_segment (product_segment, process_segment) VALUES (201, 157);
INSERT INTO product_segment_process_segment (product_segment, process_segment) VALUES (202, 166);
INSERT INTO product_segment_process_segment (product_segment, process_segment) VALUES (204, 164);
INSERT INTO product_segment_process_segment (product_segment, process_segment) VALUES (205, 165);
INSERT INTO product_segment_process_segment (product_segment, process_segment) VALUES (206, 166);
INSERT INTO product_segment_process_segment (product_segment, process_segment) VALUES (207, 155);
INSERT INTO product_segment_process_segment (product_segment, process_segment) VALUES (208, 156);
INSERT INTO product_segment_process_segment (product_segment, process_segment) VALUES (209, 157);
INSERT INTO product_segment_process_segment (product_segment, process_segment) VALUES (210, 166);
INSERT INTO product_segment_process_segment (product_segment, process_segment) VALUES (211, 151);
INSERT INTO product_segment_process_segment (product_segment, process_segment) VALUES (212, 153);
INSERT INTO product_segment_process_segment (product_segment, process_segment) VALUES (213, 155);
INSERT INTO product_segment_process_segment (product_segment, process_segment) VALUES (214, 156);
INSERT INTO product_segment_process_segment (product_segment, process_segment) VALUES (215, 157);
INSERT INTO product_segment_process_segment (product_segment, process_segment) VALUES (216, 166);
INSERT INTO product_segment_process_segment (product_segment, process_segment) VALUES (217, 151);
INSERT INTO product_segment_process_segment (product_segment, process_segment) VALUES (218, 153);
INSERT INTO product_segment_process_segment (product_segment, process_segment) VALUES (219, 154);
INSERT INTO product_segment_process_segment (product_segment, process_segment) VALUES (221, 155);
INSERT INTO product_segment_process_segment (product_segment, process_segment) VALUES (222, 156);
INSERT INTO product_segment_process_segment (product_segment, process_segment) VALUES (223, 157);
INSERT INTO product_segment_process_segment (product_segment, process_segment) VALUES (224, 167);
INSERT INTO product_segment_process_segment (product_segment, process_segment) VALUES (226, 172);
INSERT INTO product_segment_process_segment (product_segment, process_segment) VALUES (227, 155);
INSERT INTO product_segment_process_segment (product_segment, process_segment) VALUES (228, 156);
INSERT INTO product_segment_process_segment (product_segment, process_segment) VALUES (229, 157);
INSERT INTO product_segment_process_segment (product_segment, process_segment) VALUES (230, 152);
INSERT INTO product_segment_process_segment (product_segment, process_segment) VALUES (231, 167);
INSERT INTO product_segment_process_segment (product_segment, process_segment) VALUES (233, 152);
INSERT INTO product_segment_process_segment (product_segment, process_segment) VALUES (234, 172);
INSERT INTO product_segment_process_segment (product_segment, process_segment) VALUES (235, 173);
INSERT INTO product_segment_process_segment (product_segment, process_segment) VALUES (236, 155);
INSERT INTO product_segment_process_segment (product_segment, process_segment) VALUES (237, 156);
INSERT INTO product_segment_process_segment (product_segment, process_segment) VALUES (238, 157);
INSERT INTO product_segment_process_segment (product_segment, process_segment) VALUES (203, 254);
INSERT INTO product_segment_process_segment (product_segment, process_segment) VALUES (225, 254);
INSERT INTO product_segment_process_segment (product_segment, process_segment) VALUES (232, 254);
INSERT INTO product_segment_process_segment (product_segment, process_segment) VALUES (197, 254);

SET DATABASE REFERENTIAL INTEGRITY TRUE;
