SET statement_timeout = 0;
SET lock_timeout = 0;
SET client_encoding = 'UTF8';
SET standard_conforming_strings = on;
SET check_function_bodies = false;
SET client_min_messages = warning;
SET search_path = public, pg_catalog;
SET SESSION AUTHORIZATION DEFAULT;
ALTER TABLE equipment_type DISABLE TRIGGER ALL;
INSERT INTO equipment_type (id, name, version) VALUES (35, 'Enterprise', 0);
INSERT INTO equipment_type (id, name, version) VALUES (36, 'Site', 0);
INSERT INTO equipment_type (id, name, version) VALUES (37, 'Area', 0);
INSERT INTO equipment_type (id, name, version) VALUES (38, 'Process Cell', 0);
INSERT INTO equipment_type (id, name, version) VALUES (39, 'Unit', 0);
INSERT INTO equipment_type (id, name, version) VALUES (40, 'Production Unit', 0);
INSERT INTO equipment_type (id, name, version) VALUES (41, 'Production Line', 0);
INSERT INTO equipment_type (id, name, version) VALUES (42, 'Work Cell', 0);
ALTER TABLE equipment_type ENABLE TRIGGER ALL;
ALTER TABLE equipment DISABLE TRIGGER ALL;
INSERT INTO equipment (id, description, equipment_id, version, parent, type) VALUES (119, 'Storage area for finished products at the Keraben plant', 'EQ-AreaStorageFinished', 1, 70, 37);
INSERT INTO equipment (id, description, equipment_id, version, parent, type) VALUES (121, 'Storage area for raw tiles (not rectified yet)', 'EQ-AreaStorageRaw', 0, 70, 37);
INSERT INTO equipment (id, description, equipment_id, version, parent, type) VALUES (74, 'Rectifier for sides H1 and H2', 'EQ-HRectifier #1', 6, 120, 39);
INSERT INTO equipment (id, description, equipment_id, version, parent, type) VALUES (73, 'Rectifier for sides V1 and V2', 'EQ-VRectifier #1', 7, 120, 39);
INSERT INTO equipment (id, description, equipment_id, version, parent, type) VALUES (120, 'Tile rectifying line #1 in the production area.', 'EQ-Rectifying Line #1', 1, 118, 38);
INSERT INTO equipment (id, description, equipment_id, version, parent, type) VALUES (69, 'Feeds pieces to the process.', 'EQ-Feeder #1', 3, 120, 39);
INSERT INTO equipment (id, description, equipment_id, version, parent, type) VALUES (72, 'Cuts the pieces to a smaller size', 'EQ-Cutter #1', 6, 120, 39);
INSERT INTO equipment (id, description, equipment_id, version, parent, type) VALUES (75, 'Dryer that removes water from the pieces', 'EQ-Dryer #1', 6, 120, 39);
INSERT INTO equipment (id, description, equipment_id, version, parent, type) VALUES (76, 'Machine that checks the caliber of the pieces', 'EQ-Inspector #1', 6, 120, 39);
INSERT INTO equipment (id, description, equipment_id, version, parent, type) VALUES (77, 'Loads the pieces into boxes', 'EQ-BoxLoader #1', 6, 120, 39);
INSERT INTO equipment (id, description, equipment_id, version, parent, type) VALUES (248, '', 'EQ-Feeder #2', 0, 246, 39);
INSERT INTO equipment (id, description, equipment_id, version, parent, type) VALUES (250, '', 'EQ-HRectifier #2', 0, 246, 39);
INSERT INTO equipment (id, description, equipment_id, version, parent, type) VALUES (251, '', 'EQ-VRectifier #2', 0, 246, 39);
INSERT INTO equipment (id, description, equipment_id, version, parent, type) VALUES (249, '', 'EQ-Cutter #2', 1, 246, 39);
INSERT INTO equipment (id, description, equipment_id, version, parent, type) VALUES (252, '', 'EQ-Dryer #2', 0, 246, 39);
INSERT INTO equipment (id, description, equipment_id, version, parent, type) VALUES (253, '', 'EQ-Inspector #2', 0, 246, 39);
INSERT INTO equipment (id, description, equipment_id, version, parent, type) VALUES (254, '', 'EQ-BoxLoader #2', 0, 246, 39);
INSERT INTO equipment (id, description, equipment_id, version, parent, type) VALUES (71, 'Enterprise Group', 'EQ-Group', 2, NULL, 35);
INSERT INTO equipment (id, description, equipment_id, version, parent, type) VALUES (70, 'Ceramic tile manufacturing plant', 'EQ-FirmTiles', 6, 71, 36);
INSERT INTO equipment (id, description, equipment_id, version, parent, type) VALUES (118, 'Production area of the ceramic tile firm, where tiles are made and rectified', 'EQ-AreaProd', 2, 70, 37);
INSERT INTO equipment (id, description, equipment_id, version, parent, type) VALUES (246, '', 'EQ-Rectifying Line #2', 1, 118, 38);
ALTER TABLE equipment ENABLE TRIGGER ALL;
ALTER TABLE priority DISABLE TRIGGER ALL;
INSERT INTO priority (id, name, version) VALUES (16, 'Low', 0);
INSERT INTO priority (id, name, version) VALUES (17, 'Medium', 0);
INSERT INTO priority (id, name, version) VALUES (18, 'High', 0);
ALTER TABLE priority ENABLE TRIGGER ALL;
ALTER TABLE unit DISABLE TRIGGER ALL;
INSERT INTO unit (id, conversion_factor, name, system_type, version, base_unit, fraction_unit) VALUES (145, 1.0000, 'Meters', NULL, 0, NULL, NULL);
INSERT INTO unit (id, conversion_factor, name, system_type, version, base_unit, fraction_unit) VALUES (146, 1.0000, 'Pieces', NULL, 0, NULL, NULL);
INSERT INTO unit (id, conversion_factor, name, system_type, version, base_unit, fraction_unit) VALUES (60, 1.0000, 'Seconds', 1, 1, NULL, NULL);
INSERT INTO unit (id, conversion_factor, name, system_type, version, base_unit, fraction_unit) VALUES (1, 1.0000, 'N/A', NULL, 1, NULL, NULL);
INSERT INTO unit (id, conversion_factor, name, system_type, version, base_unit, fraction_unit) VALUES (147, 60.0000, 'Minutes', NULL, 0, 60, NULL);
INSERT INTO unit (id, conversion_factor, name, system_type, version, base_unit, fraction_unit) VALUES (108, 0.0010, 'Millimeters', NULL, 2, 145, NULL);
INSERT INTO unit (id, conversion_factor, name, system_type, version, base_unit, fraction_unit) VALUES (149, 0.0100, 'Centimeters', NULL, 0, 145, NULL);
INSERT INTO unit (id, conversion_factor, name, system_type, version, base_unit, fraction_unit) VALUES (150, 0.1000, 'Decimeters', NULL, 0, 145, NULL);
INSERT INTO unit (id, conversion_factor, name, system_type, version, base_unit, fraction_unit) VALUES (245, 1.0000, 'Pieces/Days', NULL, 1, 146, 3);
INSERT INTO unit (id, conversion_factor, name, system_type, version, base_unit, fraction_unit) VALUES (148, 1.0000, 'Minutes/Pieces', NULL, 1, 147, 146);
INSERT INTO unit (id, conversion_factor, name, system_type, version, base_unit, fraction_unit) VALUES (144, 1.0000, 'Seconds/Pieces', NULL, 4, 60, 146);
INSERT INTO unit (id, conversion_factor, name, system_type, version, base_unit, fraction_unit) VALUES (3, 24.0000, 'Days', 0, 3, 2, NULL);
INSERT INTO unit (id, conversion_factor, name, system_type, version, base_unit, fraction_unit) VALUES (2, 60.0000, 'Hours', NULL, 2, 147, NULL);
INSERT INTO unit (id, conversion_factor, name, system_type, version, base_unit, fraction_unit) VALUES (244, 1.0000, 'Hours/Days', NULL, 3, 2, 3);
ALTER TABLE unit ENABLE TRIGGER ALL;
ALTER TABLE process_segment DISABLE TRIGGER ALL;
INSERT INTO process_segment (id, description, duration, published_date, segment_id, version, duration_unit, location, parent) VALUES (155, 'Drying the rectified pieces, reducing their water content.', 120.0000, '2013-10-23 23:10:31', 'SG-R-Drying', 0, 147, 118, NULL);
INSERT INTO process_segment (id, description, duration, published_date, segment_id, version, duration_unit, location, parent) VALUES (156, 'Inspection of the rectified pieces for cracks and inadequate caliber.', 45.0000, '2013-10-23 23:11:18', 'SG-R-Inspection', 0, 144, 118, NULL);
INSERT INTO process_segment (id, description, duration, published_date, segment_id, version, duration_unit, location, parent) VALUES (153, 'Horizontal rectifying on a medium tile.', 5.0000, '2013-10-23 23:09:16', 'SG-R-HRectifying-M', 1, 148, 118, NULL);
INSERT INTO process_segment (id, description, duration, published_date, segment_id, version, duration_unit, location, parent) VALUES (154, 'Vertical rectifying on the piece.', 5.0000, '2013-10-23 23:09:57', 'SG-R-VRectifying-M', 1, 148, 118, NULL);
INSERT INTO process_segment (id, description, duration, published_date, segment_id, version, duration_unit, location, parent) VALUES (166, 'Line setup for standard tile sizes.', 10.0000, '2013-10-23 23:49:39', 'SG-R-Setup-LM', 0, 147, 118, NULL);
INSERT INTO process_segment (id, description, duration, published_date, segment_id, version, duration_unit, location, parent) VALUES (167, 'Line setup time for custom sizes.', 15.0000, '2013-10-23 23:50:07', 'SG-R-Setup-C', 1, 147, 118, NULL);
INSERT INTO process_segment (id, description, duration, published_date, segment_id, version, duration_unit, location, parent) VALUES (164, 'Rectifying the horizontal edges of a large tile.', 7.0000, '2013-10-23 23:45:45', 'SG-R-HRectifying-L', 3, 148, 118, NULL);
INSERT INTO process_segment (id, description, duration, published_date, segment_id, version, duration_unit, location, parent) VALUES (165, 'Rectifying the vertical edges of a large tile.', 7.0000, '2013-10-23 23:46:09', 'SG-R-VRectifying-L', 3, 148, 118, NULL);
INSERT INTO process_segment (id, description, duration, published_date, segment_id, version, duration_unit, location, parent) VALUES (172, 'Rectifing the horizontal edges of a custom-sized tile.', 7.0000, '2013-10-24 01:05:57', 'SG-R-HRectifying-C', 0, 148, 118, NULL);
INSERT INTO process_segment (id, description, duration, published_date, segment_id, version, duration_unit, location, parent) VALUES (173, 'Rectifing the vertical edges of a custom-sized tile.', 7.0000, '2013-10-24 01:07:01', 'SG-R-VRectifying-C', 0, 148, 118, NULL);
INSERT INTO process_segment (id, description, duration, published_date, segment_id, version, duration_unit, location, parent) VALUES (157, 'Loading the rectified tiles into boxes, ready for shipping.', 45.0000, '2013-10-23 23:11:49', 'SG-R-BoxLoading', 1, 144, 119, NULL);
INSERT INTO process_segment (id, description, duration, published_date, segment_id, version, duration_unit, location, parent) VALUES (152, 'Cuts a large raw tile into 2 medium raw tiles.', 5.0000, '2013-10-23 23:07:53', 'SG-R-Cutter', 3, 148, 118, NULL);
INSERT INTO process_segment (id, description, duration, published_date, segment_id, version, duration_unit, location, parent) VALUES (151, 'Feeds medium pieces into the production line.', 30.0000, '2013-10-23 23:07:19', 'SG-R-Feeder-M', 2, 144, 121, NULL);
INSERT INTO process_segment (id, description, duration, published_date, segment_id, version, duration_unit, location, parent) VALUES (254, 'Feeds large pieces into the production line.', 30.0000, '2013-11-04 19:03:00', 'SG-R-Feeder-L', 0, 144, 119, NULL);
ALTER TABLE process_segment ENABLE TRIGGER ALL;
ALTER TABLE product_production_rule DISABLE TRIGGER ALL;
INSERT INTO product_production_rule (id, description, published_date, rule_id, version, version_) VALUES (190, '', '2013-10-24 12:17:19', 'PPR-RL2', 'Large tile rectified on 2 sides', 0);
INSERT INTO product_production_rule (id, description, published_date, rule_id, version, version_) VALUES (192, '', '2013-10-24 12:18:12', 'PPR-RL4', 'Large tile rectified on 4 sides', 0);
INSERT INTO product_production_rule (id, description, published_date, rule_id, version, version_) VALUES (193, '', '2013-10-24 12:18:38', 'PPR-RM2', 'Medium tile rectified on 2 sides', 0);
INSERT INTO product_production_rule (id, description, published_date, rule_id, version, version_) VALUES (194, '', '2013-10-24 12:18:50', 'PPR-RM4', 'Medium tile rectified on 4 sides', 0);
INSERT INTO product_production_rule (id, description, published_date, rule_id, version, version_) VALUES (195, '', '2013-10-24 12:19:03', 'PPR-RC2', 'Custom-sized tile rectified on 2 sides', 0);
INSERT INTO product_production_rule (id, description, published_date, rule_id, version, version_) VALUES (196, '', '2013-10-24 12:19:15', 'PPR-RC4', 'Custom-sized tile rectified on 4 sides', 0);
ALTER TABLE product_production_rule ENABLE TRIGGER ALL;
ALTER TABLE production_schedule DISABLE TRIGGER ALL;
ALTER TABLE production_schedule ENABLE TRIGGER ALL;
ALTER TABLE production_performance DISABLE TRIGGER ALL;
ALTER TABLE production_performance ENABLE TRIGGER ALL;
ALTER TABLE production_request DISABLE TRIGGER ALL;
ALTER TABLE production_request ENABLE TRIGGER ALL;
ALTER TABLE production_response DISABLE TRIGGER ALL;
ALTER TABLE production_response ENABLE TRIGGER ALL;
ALTER TABLE segment_response DISABLE TRIGGER ALL;
ALTER TABLE segment_response ENABLE TRIGGER ALL;
ALTER TABLE equipment_actual DISABLE TRIGGER ALL;
ALTER TABLE equipment_actual ENABLE TRIGGER ALL;
ALTER TABLE equipment_actual_equipment DISABLE TRIGGER ALL;
ALTER TABLE equipment_actual_equipment ENABLE TRIGGER ALL;
ALTER TABLE equipment_class DISABLE TRIGGER ALL;
INSERT INTO equipment_class (id, description, name, version) VALUES (161, '', 'EQC-Dryers', 0);
INSERT INTO equipment_class (id, description, name, version) VALUES (162, '', 'EQC-Inspectors', 0);
INSERT INTO equipment_class (id, description, name, version) VALUES (163, '', 'EQC-BoxLoaders', 0);
INSERT INTO equipment_class (id, description, name, version) VALUES (158, 'Machines that feed the tiles into a rectifying line.', 'EQC-Feeders', 1);
INSERT INTO equipment_class (id, description, name, version) VALUES (159, 'Cutters that reduce the tiles to smaller sizes, sometimes producing two or more out of a larger one.', 'EQC-Cutters', 1);
INSERT INTO equipment_class (id, description, name, version) VALUES (164, 'Machines that grind the vertical edges of a tile to reduce deviations from the desired profile.', 'EQC-VRectifiers', 1);
INSERT INTO equipment_class (id, description, name, version) VALUES (160, 'Machines that grind the horizontal edges of a tile to reduce deviations from the desired profile.', 'EQC-HRectifiers', 2);
INSERT INTO equipment_class (id, description, name, version) VALUES (171, '', 'EQC-RectifyingLines', 0);
ALTER TABLE equipment_class ENABLE TRIGGER ALL;
ALTER TABLE equipment_actual_equipment_classes DISABLE TRIGGER ALL;
ALTER TABLE equipment_actual_equipment_classes ENABLE TRIGGER ALL;
ALTER TABLE equipment_actual_property DISABLE TRIGGER ALL;
ALTER TABLE equipment_actual_property ENABLE TRIGGER ALL;
ALTER TABLE production_capability DISABLE TRIGGER ALL;
INSERT INTO production_capability (id, description, end_time, reason, start_time, type, version, capability_id, published_date, location, segment) VALUES (1, '', NULL, 'Default capacity to be applied to every day of the current month.', NULL, 0, 0, 'CAP-Current', '2013-10-24 18:19:25', 118, NULL);
INSERT INTO production_capability (id, description, end_time, reason, start_time, type, version, capability_id, published_date, location, segment) VALUES (98304, '', '2013-10-29 00:00:00', 'Default capacity to be applied to every day of the current month.', '2013-10-28 00:00:00', 0, 0, 'CAP-Current-20131028', '2013-10-24 18:19:25', 118, NULL);
INSERT INTO production_capability (id, description, end_time, reason, start_time, type, version, capability_id, published_date, location, segment) VALUES (98305, '', '2013-10-30 00:00:00', 'Default capacity to be applied to every day of the current month.', '2013-10-29 00:00:00', 0, 0, 'CAP-Current-20131029', '2013-10-24 18:19:25', 118, NULL);
INSERT INTO production_capability (id, description, end_time, reason, start_time, type, version, capability_id, published_date, location, segment) VALUES (98306, '', '2013-10-31 00:00:00', 'Default capacity to be applied to every day of the current month.', '2013-10-30 00:00:00', 0, 0, 'CAP-Current-20131030', '2013-10-24 18:19:25', 118, NULL);
INSERT INTO production_capability (id, description, end_time, reason, start_time, type, version, capability_id, published_date, location, segment) VALUES (98307, '', '2013-11-01 00:00:00', 'Default capacity to be applied to every day of the current month.', '2013-10-31 00:00:00', 0, 0, 'CAP-Current-20131031', '2013-10-24 18:19:25', 118, NULL);
INSERT INTO production_capability (id, description, end_time, reason, start_time, type, version, capability_id, published_date, location, segment) VALUES (98308, '', '2013-11-02 00:00:00', 'Default capacity to be applied to every day of the current month.', '2013-11-01 00:00:00', 0, 0, 'CAP-Current-20131101', '2013-10-24 18:19:25', 118, NULL);
INSERT INTO production_capability (id, description, end_time, reason, start_time, type, version, capability_id, published_date, location, segment) VALUES (98309, '', '2013-11-05 00:00:00', 'Default capacity to be applied to every day of the current month.', '2013-11-04 00:00:00', 0, 0, 'CAP-Current-20131104', '2013-10-24 18:19:25', 118, NULL);
INSERT INTO production_capability (id, description, end_time, reason, start_time, type, version, capability_id, published_date, location, segment) VALUES (98310, '', '2013-11-06 00:00:00', 'Default capacity to be applied to every day of the current month.', '2013-11-05 00:00:00', 0, 0, 'CAP-Current-20131105', '2013-10-24 18:19:25', 118, NULL);
INSERT INTO production_capability (id, description, end_time, reason, start_time, type, version, capability_id, published_date, location, segment) VALUES (98311, '', '2013-11-07 00:00:00', 'Default capacity to be applied to every day of the current month.', '2013-11-06 00:00:00', 0, 0, 'CAP-Current-20131106', '2013-10-24 18:19:25', 118, NULL);
INSERT INTO production_capability (id, description, end_time, reason, start_time, type, version, capability_id, published_date, location, segment) VALUES (98312, '', '2013-11-08 00:00:00', 'Default capacity to be applied to every day of the current month.', '2013-11-07 00:00:00', 0, 0, 'CAP-Current-20131107', '2013-10-24 18:19:25', 118, NULL);
INSERT INTO production_capability (id, description, end_time, reason, start_time, type, version, capability_id, published_date, location, segment) VALUES (98313, '', '2013-11-09 00:00:00', 'Default capacity to be applied to every day of the current month.', '2013-11-08 00:00:00', 0, 0, 'CAP-Current-20131108', '2013-10-24 18:19:25', 118, NULL);
INSERT INTO production_capability (id, description, end_time, reason, start_time, type, version, capability_id, published_date, location, segment) VALUES (98314, '', '2013-11-12 00:00:00', 'Default capacity to be applied to every day of the current month.', '2013-11-11 00:00:00', 0, 0, 'CAP-Current-20131111', '2013-10-24 18:19:25', 118, NULL);
INSERT INTO production_capability (id, description, end_time, reason, start_time, type, version, capability_id, published_date, location, segment) VALUES (98315, '', '2013-11-13 00:00:00', 'Default capacity to be applied to every day of the current month.', '2013-11-12 00:00:00', 0, 0, 'CAP-Current-20131112', '2013-10-24 18:19:25', 118, NULL);
INSERT INTO production_capability (id, description, end_time, reason, start_time, type, version, capability_id, published_date, location, segment) VALUES (98316, '', '2013-11-14 00:00:00', 'Default capacity to be applied to every day of the current month.', '2013-11-13 00:00:00', 0, 0, 'CAP-Current-20131113', '2013-10-24 18:19:25', 118, NULL);
INSERT INTO production_capability (id, description, end_time, reason, start_time, type, version, capability_id, published_date, location, segment) VALUES (98317, '', '2013-11-15 00:00:00', 'Default capacity to be applied to every day of the current month.', '2013-11-14 00:00:00', 0, 0, 'CAP-Current-20131114', '2013-10-24 18:19:25', 118, NULL);
INSERT INTO production_capability (id, description, end_time, reason, start_time, type, version, capability_id, published_date, location, segment) VALUES (98318, '', '2013-11-16 00:00:00', 'Default capacity to be applied to every day of the current month.', '2013-11-15 00:00:00', 0, 0, 'CAP-Current-20131115', '2013-10-24 18:19:25', 118, NULL);
INSERT INTO production_capability (id, description, end_time, reason, start_time, type, version, capability_id, published_date, location, segment) VALUES (98319, '', '2013-11-19 00:00:00', 'Default capacity to be applied to every day of the current month.', '2013-11-18 00:00:00', 0, 0, 'CAP-Current-20131118', '2013-10-24 18:19:25', 118, NULL);
INSERT INTO production_capability (id, description, end_time, reason, start_time, type, version, capability_id, published_date, location, segment) VALUES (98320, '', '2013-11-20 00:00:00', 'Default capacity to be applied to every day of the current month.', '2013-11-19 00:00:00', 0, 0, 'CAP-Current-20131119', '2013-10-24 18:19:25', 118, NULL);
INSERT INTO production_capability (id, description, end_time, reason, start_time, type, version, capability_id, published_date, location, segment) VALUES (98321, '', '2013-11-21 00:00:00', 'Default capacity to be applied to every day of the current month.', '2013-11-20 00:00:00', 0, 0, 'CAP-Current-20131120', '2013-10-24 18:19:25', 118, NULL);
INSERT INTO production_capability (id, description, end_time, reason, start_time, type, version, capability_id, published_date, location, segment) VALUES (98322, '', '2013-11-22 00:00:00', 'Default capacity to be applied to every day of the current month.', '2013-11-21 00:00:00', 0, 0, 'CAP-Current-20131121', '2013-10-24 18:19:25', 118, NULL);
INSERT INTO production_capability (id, description, end_time, reason, start_time, type, version, capability_id, published_date, location, segment) VALUES (98323, '', '2013-11-23 00:00:00', 'Default capacity to be applied to every day of the current month.', '2013-11-22 00:00:00', 0, 0, 'CAP-Current-20131122', '2013-10-24 18:19:25', 118, NULL);
INSERT INTO production_capability (id, description, end_time, reason, start_time, type, version, capability_id, published_date, location, segment) VALUES (98324, '', '2013-11-26 00:00:00', 'Default capacity to be applied to every day of the current month.', '2013-11-25 00:00:00', 0, 0, 'CAP-Current-20131125', '2013-10-24 18:19:25', 118, NULL);
INSERT INTO production_capability (id, description, end_time, reason, start_time, type, version, capability_id, published_date, location, segment) VALUES (98325, '', '2013-11-27 00:00:00', 'Default capacity to be applied to every day of the current month.', '2013-11-26 00:00:00', 0, 0, 'CAP-Current-20131126', '2013-10-24 18:19:25', 118, NULL);
INSERT INTO production_capability (id, description, end_time, reason, start_time, type, version, capability_id, published_date, location, segment) VALUES (98326, '', '2013-11-28 00:00:00', 'Default capacity to be applied to every day of the current month.', '2013-11-27 00:00:00', 0, 0, 'CAP-Current-20131127', '2013-10-24 18:19:25', 118, NULL);
INSERT INTO production_capability (id, description, end_time, reason, start_time, type, version, capability_id, published_date, location, segment) VALUES (98327, '', '2013-11-29 00:00:00', 'Default capacity to be applied to every day of the current month.', '2013-11-28 00:00:00', 0, 0, 'CAP-Current-20131128', '2013-10-24 18:19:25', 118, NULL);
INSERT INTO production_capability (id, description, end_time, reason, start_time, type, version, capability_id, published_date, location, segment) VALUES (98328, '', '2013-11-30 00:00:00', 'Default capacity to be applied to every day of the current month.', '2013-11-29 00:00:00', 0, 0, 'CAP-Current-20131129', '2013-10-24 18:19:25', 118, NULL);
INSERT INTO production_capability (id, description, end_time, reason, start_time, type, version, capability_id, published_date, location, segment) VALUES (98329, '', '2013-12-03 00:00:00', 'Default capacity to be applied to every day of the current month.', '2013-12-02 00:00:00', 0, 0, 'CAP-Current-20131202', '2013-10-24 18:19:25', 118, NULL);
INSERT INTO production_capability (id, description, end_time, reason, start_time, type, version, capability_id, published_date, location, segment) VALUES (98330, '', '2013-12-04 00:00:00', 'Default capacity to be applied to every day of the current month.', '2013-12-03 00:00:00', 0, 0, 'CAP-Current-20131203', '2013-10-24 18:19:25', 118, NULL);
INSERT INTO production_capability (id, description, end_time, reason, start_time, type, version, capability_id, published_date, location, segment) VALUES (98331, '', '2013-12-05 00:00:00', 'Default capacity to be applied to every day of the current month.', '2013-12-04 00:00:00', 0, 0, 'CAP-Current-20131204', '2013-10-24 18:19:25', 118, NULL);
INSERT INTO production_capability (id, description, end_time, reason, start_time, type, version, capability_id, published_date, location, segment) VALUES (98332, '', '2013-12-06 00:00:00', 'Default capacity to be applied to every day of the current month.', '2013-12-05 00:00:00', 0, 0, 'CAP-Current-20131205', '2013-10-24 18:19:25', 118, NULL);
INSERT INTO production_capability (id, description, end_time, reason, start_time, type, version, capability_id, published_date, location, segment) VALUES (98333, '', '2013-12-07 00:00:00', 'Default capacity to be applied to every day of the current month.', '2013-12-06 00:00:00', 0, 0, 'CAP-Current-20131206', '2013-10-24 18:19:25', 118, NULL);
INSERT INTO production_capability (id, description, end_time, reason, start_time, type, version, capability_id, published_date, location, segment) VALUES (98334, '', '2013-12-10 00:00:00', 'Default capacity to be applied to every day of the current month.', '2013-12-09 00:00:00', 0, 0, 'CAP-Current-20131209', '2013-10-24 18:19:25', 118, NULL);
ALTER TABLE production_capability ENABLE TRIGGER ALL;
ALTER TABLE equipment_capability DISABLE TRIGGER ALL;
INSERT INTO equipment_capability (id, description, end_time, reason, start_time, type, version, quantity_value, location, production_capability, quantity_unit, equipment, equipment_class) VALUES (1, '', NULL, '', NULL, 0, 2, 1000.0000, 118, 1, 245, 120, NULL);
INSERT INTO equipment_capability (id, description, end_time, reason, start_time, type, version, quantity_value, location, production_capability, quantity_unit, equipment, equipment_class) VALUES (32768, '', NULL, '', NULL, 0, 1, 1000.0000, 118, 1, 245, 246, NULL);
INSERT INTO equipment_capability (id, description, end_time, reason, start_time, type, version, quantity_value, location, production_capability, quantity_unit, equipment, equipment_class) VALUES (98319, '', '2013-10-29 00:00:00', '', '2013-10-28 00:00:00', 0, 0, 1000.0000, 118, 98304, 146, 73, NULL);
INSERT INTO equipment_capability (id, description, end_time, reason, start_time, type, version, quantity_value, location, production_capability, quantity_unit, equipment, equipment_class) VALUES (98320, '', '2013-10-29 00:00:00', '', '2013-10-28 00:00:00', 0, 0, 1000.0000, 118, 98304, 146, 249, NULL);
INSERT INTO equipment_capability (id, description, end_time, reason, start_time, type, version, quantity_value, location, production_capability, quantity_unit, equipment, equipment_class) VALUES (98321, '', '2013-10-29 00:00:00', '', '2013-10-28 00:00:00', 0, 0, 1000.0000, 118, 98304, 146, 250, NULL);
INSERT INTO equipment_capability (id, description, end_time, reason, start_time, type, version, quantity_value, location, production_capability, quantity_unit, equipment, equipment_class) VALUES (98322, '', '2013-10-29 00:00:00', '', '2013-10-28 00:00:00', 0, 0, 1000.0000, 119, 98304, 146, 254, NULL);
INSERT INTO equipment_capability (id, description, end_time, reason, start_time, type, version, quantity_value, location, production_capability, quantity_unit, equipment, equipment_class) VALUES (98323, '', '2013-10-29 00:00:00', '', '2013-10-28 00:00:00', 0, 0, 2000.0000, 118, 98304, 146, 75, NULL);
INSERT INTO equipment_capability (id, description, end_time, reason, start_time, type, version, quantity_value, location, production_capability, quantity_unit, equipment, equipment_class) VALUES (98324, '', '2013-10-29 00:00:00', '', '2013-10-28 00:00:00', 0, 0, 2000.0000, 118, 98304, 146, 252, NULL);
INSERT INTO equipment_capability (id, description, end_time, reason, start_time, type, version, quantity_value, location, production_capability, quantity_unit, equipment, equipment_class) VALUES (98325, '', '2013-10-29 00:00:00', '', '2013-10-28 00:00:00', 0, 0, 1000.0000, 118, 98304, 146, 246, NULL);
INSERT INTO equipment_capability (id, description, end_time, reason, start_time, type, version, quantity_value, location, production_capability, quantity_unit, equipment, equipment_class) VALUES (98326, '', '2013-10-29 00:00:00', '', '2013-10-28 00:00:00', 0, 0, 1000.0000, 118, 98304, 146, 74, NULL);
INSERT INTO equipment_capability (id, description, end_time, reason, start_time, type, version, quantity_value, location, production_capability, quantity_unit, equipment, equipment_class) VALUES (98327, '', '2013-10-29 00:00:00', '', '2013-10-28 00:00:00', 0, 0, 1000.0000, 118, 98304, 146, 120, NULL);
INSERT INTO equipment_capability (id, description, end_time, reason, start_time, type, version, quantity_value, location, production_capability, quantity_unit, equipment, equipment_class) VALUES (98328, '', '2013-10-29 00:00:00', '', '2013-10-28 00:00:00', 0, 0, 750.0000, 118, 98304, 146, 72, NULL);
INSERT INTO equipment_capability (id, description, end_time, reason, start_time, type, version, quantity_value, location, production_capability, quantity_unit, equipment, equipment_class) VALUES (98329, '', '2013-10-29 00:00:00', '', '2013-10-28 00:00:00', 0, 0, 1000.0000, 118, 98304, 146, 251, NULL);
INSERT INTO equipment_capability (id, description, end_time, reason, start_time, type, version, quantity_value, location, production_capability, quantity_unit, equipment, equipment_class) VALUES (98330, '', '2013-10-29 00:00:00', '', '2013-10-28 00:00:00', 0, 0, 2000.0000, 121, 98304, 146, 69, NULL);
INSERT INTO equipment_capability (id, description, end_time, reason, start_time, type, version, quantity_value, location, production_capability, quantity_unit, equipment, equipment_class) VALUES (98331, '', '2013-10-29 00:00:00', '', '2013-10-28 00:00:00', 0, 0, 1000.0000, 119, 98304, 146, 77, NULL);
INSERT INTO equipment_capability (id, description, end_time, reason, start_time, type, version, quantity_value, location, production_capability, quantity_unit, equipment, equipment_class) VALUES (98332, '', '2013-10-29 00:00:00', '', '2013-10-28 00:00:00', 0, 0, 2000.0000, 118, 98304, 146, 76, NULL);
INSERT INTO equipment_capability (id, description, end_time, reason, start_time, type, version, quantity_value, location, production_capability, quantity_unit, equipment, equipment_class) VALUES (98333, '', '2013-10-29 00:00:00', '', '2013-10-28 00:00:00', 0, 0, 2000.0000, 118, 98304, 146, 253, NULL);
INSERT INTO equipment_capability (id, description, end_time, reason, start_time, type, version, quantity_value, location, production_capability, quantity_unit, equipment, equipment_class) VALUES (98334, '', '2013-10-29 00:00:00', '', '2013-10-28 00:00:00', 0, 0, 1000.0000, 121, 98304, 146, 248, NULL);
INSERT INTO equipment_capability (id, description, end_time, reason, start_time, type, version, quantity_value, location, production_capability, quantity_unit, equipment, equipment_class) VALUES (98335, '', '2013-10-30 00:00:00', '', '2013-10-29 00:00:00', 0, 0, 1000.0000, 118, 98305, 146, 251, NULL);
INSERT INTO equipment_capability (id, description, end_time, reason, start_time, type, version, quantity_value, location, production_capability, quantity_unit, equipment, equipment_class) VALUES (98336, '', '2013-10-30 00:00:00', '', '2013-10-29 00:00:00', 0, 0, 1000.0000, 118, 98305, 146, 74, NULL);
INSERT INTO equipment_capability (id, description, end_time, reason, start_time, type, version, quantity_value, location, production_capability, quantity_unit, equipment, equipment_class) VALUES (98337, '', '2013-10-30 00:00:00', '', '2013-10-29 00:00:00', 0, 0, 1000.0000, 118, 98305, 146, 120, NULL);
INSERT INTO equipment_capability (id, description, end_time, reason, start_time, type, version, quantity_value, location, production_capability, quantity_unit, equipment, equipment_class) VALUES (98338, '', '2013-10-30 00:00:00', '', '2013-10-29 00:00:00', 0, 0, 1000.0000, 119, 98305, 146, 77, NULL);
INSERT INTO equipment_capability (id, description, end_time, reason, start_time, type, version, quantity_value, location, production_capability, quantity_unit, equipment, equipment_class) VALUES (98339, '', '2013-10-30 00:00:00', '', '2013-10-29 00:00:00', 0, 0, 1000.0000, 118, 98305, 146, 250, NULL);
INSERT INTO equipment_capability (id, description, end_time, reason, start_time, type, version, quantity_value, location, production_capability, quantity_unit, equipment, equipment_class) VALUES (98340, '', '2013-10-30 00:00:00', '', '2013-10-29 00:00:00', 0, 0, 750.0000, 118, 98305, 146, 72, NULL);
INSERT INTO equipment_capability (id, description, end_time, reason, start_time, type, version, quantity_value, location, production_capability, quantity_unit, equipment, equipment_class) VALUES (98341, '', '2013-10-30 00:00:00', '', '2013-10-29 00:00:00', 0, 0, 1000.0000, 118, 98305, 146, 73, NULL);
INSERT INTO equipment_capability (id, description, end_time, reason, start_time, type, version, quantity_value, location, production_capability, quantity_unit, equipment, equipment_class) VALUES (98342, '', '2013-10-30 00:00:00', '', '2013-10-29 00:00:00', 0, 0, 2000.0000, 118, 98305, 146, 252, NULL);
INSERT INTO equipment_capability (id, description, end_time, reason, start_time, type, version, quantity_value, location, production_capability, quantity_unit, equipment, equipment_class) VALUES (98343, '', '2013-10-30 00:00:00', '', '2013-10-29 00:00:00', 0, 0, 2000.0000, 118, 98305, 146, 75, NULL);
INSERT INTO equipment_capability (id, description, end_time, reason, start_time, type, version, quantity_value, location, production_capability, quantity_unit, equipment, equipment_class) VALUES (98344, '', '2013-10-30 00:00:00', '', '2013-10-29 00:00:00', 0, 0, 2000.0000, 118, 98305, 146, 76, NULL);
INSERT INTO equipment_capability (id, description, end_time, reason, start_time, type, version, quantity_value, location, production_capability, quantity_unit, equipment, equipment_class) VALUES (98345, '', '2013-10-30 00:00:00', '', '2013-10-29 00:00:00', 0, 0, 1000.0000, 118, 98305, 146, 246, NULL);
INSERT INTO equipment_capability (id, description, end_time, reason, start_time, type, version, quantity_value, location, production_capability, quantity_unit, equipment, equipment_class) VALUES (98346, '', '2013-10-30 00:00:00', '', '2013-10-29 00:00:00', 0, 0, 1000.0000, 119, 98305, 146, 254, NULL);
INSERT INTO equipment_capability (id, description, end_time, reason, start_time, type, version, quantity_value, location, production_capability, quantity_unit, equipment, equipment_class) VALUES (98347, '', '2013-10-30 00:00:00', '', '2013-10-29 00:00:00', 0, 0, 1000.0000, 121, 98305, 146, 248, NULL);
INSERT INTO equipment_capability (id, description, end_time, reason, start_time, type, version, quantity_value, location, production_capability, quantity_unit, equipment, equipment_class) VALUES (98348, '', '2013-10-30 00:00:00', '', '2013-10-29 00:00:00', 0, 0, 1000.0000, 118, 98305, 146, 249, NULL);
INSERT INTO equipment_capability (id, description, end_time, reason, start_time, type, version, quantity_value, location, production_capability, quantity_unit, equipment, equipment_class) VALUES (98349, '', '2013-10-30 00:00:00', '', '2013-10-29 00:00:00', 0, 0, 2000.0000, 118, 98305, 146, 253, NULL);
INSERT INTO equipment_capability (id, description, end_time, reason, start_time, type, version, quantity_value, location, production_capability, quantity_unit, equipment, equipment_class) VALUES (98350, '', '2013-10-30 00:00:00', '', '2013-10-29 00:00:00', 0, 0, 2000.0000, 121, 98305, 146, 69, NULL);
INSERT INTO equipment_capability (id, description, end_time, reason, start_time, type, version, quantity_value, location, production_capability, quantity_unit, equipment, equipment_class) VALUES (98351, '', '2013-10-31 00:00:00', '', '2013-10-30 00:00:00', 0, 0, 2000.0000, 118, 98306, 146, 75, NULL);
INSERT INTO equipment_capability (id, description, end_time, reason, start_time, type, version, quantity_value, location, production_capability, quantity_unit, equipment, equipment_class) VALUES (98352, '', '2013-10-31 00:00:00', '', '2013-10-30 00:00:00', 0, 0, 1000.0000, 118, 98306, 146, 74, NULL);
INSERT INTO equipment_capability (id, description, end_time, reason, start_time, type, version, quantity_value, location, production_capability, quantity_unit, equipment, equipment_class) VALUES (98353, '', '2013-10-31 00:00:00', '', '2013-10-30 00:00:00', 0, 0, 1000.0000, 118, 98306, 146, 249, NULL);
INSERT INTO equipment_capability (id, description, end_time, reason, start_time, type, version, quantity_value, location, production_capability, quantity_unit, equipment, equipment_class) VALUES (98354, '', '2013-10-31 00:00:00', '', '2013-10-30 00:00:00', 0, 0, 1000.0000, 118, 98306, 146, 251, NULL);
INSERT INTO equipment_capability (id, description, end_time, reason, start_time, type, version, quantity_value, location, production_capability, quantity_unit, equipment, equipment_class) VALUES (98355, '', '2013-10-31 00:00:00', '', '2013-10-30 00:00:00', 0, 0, 1000.0000, 118, 98306, 146, 250, NULL);
INSERT INTO equipment_capability (id, description, end_time, reason, start_time, type, version, quantity_value, location, production_capability, quantity_unit, equipment, equipment_class) VALUES (98356, '', '2013-10-31 00:00:00', '', '2013-10-30 00:00:00', 0, 0, 1000.0000, 118, 98306, 146, 246, NULL);
INSERT INTO equipment_capability (id, description, end_time, reason, start_time, type, version, quantity_value, location, production_capability, quantity_unit, equipment, equipment_class) VALUES (98357, '', '2013-10-31 00:00:00', '', '2013-10-30 00:00:00', 0, 0, 1000.0000, 121, 98306, 146, 248, NULL);
INSERT INTO equipment_capability (id, description, end_time, reason, start_time, type, version, quantity_value, location, production_capability, quantity_unit, equipment, equipment_class) VALUES (98358, '', '2013-10-31 00:00:00', '', '2013-10-30 00:00:00', 0, 0, 1000.0000, 119, 98306, 146, 254, NULL);
INSERT INTO equipment_capability (id, description, end_time, reason, start_time, type, version, quantity_value, location, production_capability, quantity_unit, equipment, equipment_class) VALUES (98359, '', '2013-10-31 00:00:00', '', '2013-10-30 00:00:00', 0, 0, 2000.0000, 118, 98306, 146, 253, NULL);
INSERT INTO equipment_capability (id, description, end_time, reason, start_time, type, version, quantity_value, location, production_capability, quantity_unit, equipment, equipment_class) VALUES (98360, '', '2013-10-31 00:00:00', '', '2013-10-30 00:00:00', 0, 0, 2000.0000, 118, 98306, 146, 76, NULL);
INSERT INTO equipment_capability (id, description, end_time, reason, start_time, type, version, quantity_value, location, production_capability, quantity_unit, equipment, equipment_class) VALUES (98306, '', NULL, '', NULL, 0, 2, 2000.0000, 121, 1, 245, 69, NULL);
INSERT INTO equipment_capability (id, description, end_time, reason, start_time, type, version, quantity_value, location, production_capability, quantity_unit, equipment, equipment_class) VALUES (98361, '', '2013-10-31 00:00:00', '', '2013-10-30 00:00:00', 0, 0, 1000.0000, 118, 98306, 146, 120, NULL);
INSERT INTO equipment_capability (id, description, end_time, reason, start_time, type, version, quantity_value, location, production_capability, quantity_unit, equipment, equipment_class) VALUES (98362, '', '2013-10-31 00:00:00', '', '2013-10-30 00:00:00', 0, 0, 1000.0000, 118, 98306, 146, 73, NULL);
INSERT INTO equipment_capability (id, description, end_time, reason, start_time, type, version, quantity_value, location, production_capability, quantity_unit, equipment, equipment_class) VALUES (98363, '', '2013-10-31 00:00:00', '', '2013-10-30 00:00:00', 0, 0, 750.0000, 118, 98306, 146, 72, NULL);
INSERT INTO equipment_capability (id, description, end_time, reason, start_time, type, version, quantity_value, location, production_capability, quantity_unit, equipment, equipment_class) VALUES (98304, '', NULL, '', NULL, 0, 1, 1000.0000, 118, 1, 245, 74, NULL);
INSERT INTO equipment_capability (id, description, end_time, reason, start_time, type, version, quantity_value, location, production_capability, quantity_unit, equipment, equipment_class) VALUES (98307, '', NULL, '', NULL, 0, 1, 750.0000, 118, 1, 245, 72, NULL);
INSERT INTO equipment_capability (id, description, end_time, reason, start_time, type, version, quantity_value, location, production_capability, quantity_unit, equipment, equipment_class) VALUES (98305, '', NULL, '', NULL, 0, 2, 1000.0000, 118, 1, 245, 73, NULL);
INSERT INTO equipment_capability (id, description, end_time, reason, start_time, type, version, quantity_value, location, production_capability, quantity_unit, equipment, equipment_class) VALUES (98308, '', NULL, '', NULL, 0, 1, 2000.0000, 118, 1, 245, 75, NULL);
INSERT INTO equipment_capability (id, description, end_time, reason, start_time, type, version, quantity_value, location, production_capability, quantity_unit, equipment, equipment_class) VALUES (98309, '', NULL, '', NULL, 0, 1, 2000.0000, 118, 1, 245, 76, NULL);
INSERT INTO equipment_capability (id, description, end_time, reason, start_time, type, version, quantity_value, location, production_capability, quantity_unit, equipment, equipment_class) VALUES (98310, '', NULL, '', NULL, 0, 3, 1000.0000, 119, 1, 245, 77, NULL);
INSERT INTO equipment_capability (id, description, end_time, reason, start_time, type, version, quantity_value, location, production_capability, quantity_unit, equipment, equipment_class) VALUES (98312, '', NULL, '', NULL, 0, 1, 1000.0000, 118, 1, 245, 250, NULL);
INSERT INTO equipment_capability (id, description, end_time, reason, start_time, type, version, quantity_value, location, production_capability, quantity_unit, equipment, equipment_class) VALUES (98313, '', NULL, '', NULL, 0, 1, 1000.0000, 118, 1, 245, 251, NULL);
INSERT INTO equipment_capability (id, description, end_time, reason, start_time, type, version, quantity_value, location, production_capability, quantity_unit, equipment, equipment_class) VALUES (98315, '', NULL, '', NULL, 0, 1, 1000.0000, 118, 1, 245, 249, NULL);
INSERT INTO equipment_capability (id, description, end_time, reason, start_time, type, version, quantity_value, location, production_capability, quantity_unit, equipment, equipment_class) VALUES (98316, '', NULL, '', NULL, 0, 1, 2000.0000, 118, 1, 245, 252, NULL);
INSERT INTO equipment_capability (id, description, end_time, reason, start_time, type, version, quantity_value, location, production_capability, quantity_unit, equipment, equipment_class) VALUES (98317, '', NULL, '', NULL, 0, 1, 2000.0000, 118, 1, 245, 253, NULL);
INSERT INTO equipment_capability (id, description, end_time, reason, start_time, type, version, quantity_value, location, production_capability, quantity_unit, equipment, equipment_class) VALUES (98318, '', NULL, '', NULL, 0, 1, 1000.0000, 119, 1, 245, 254, NULL);
INSERT INTO equipment_capability (id, description, end_time, reason, start_time, type, version, quantity_value, location, production_capability, quantity_unit, equipment, equipment_class) VALUES (98311, '', NULL, '', NULL, 0, 2, 1000.0000, 121, 1, 245, 248, NULL);
INSERT INTO equipment_capability (id, description, end_time, reason, start_time, type, version, quantity_value, location, production_capability, quantity_unit, equipment, equipment_class) VALUES (98364, '', '2013-10-31 00:00:00', '', '2013-10-30 00:00:00', 0, 0, 1000.0000, 119, 98306, 146, 77, NULL);
INSERT INTO equipment_capability (id, description, end_time, reason, start_time, type, version, quantity_value, location, production_capability, quantity_unit, equipment, equipment_class) VALUES (98365, '', '2013-10-31 00:00:00', '', '2013-10-30 00:00:00', 0, 0, 2000.0000, 118, 98306, 146, 252, NULL);
INSERT INTO equipment_capability (id, description, end_time, reason, start_time, type, version, quantity_value, location, production_capability, quantity_unit, equipment, equipment_class) VALUES (98366, '', '2013-10-31 00:00:00', '', '2013-10-30 00:00:00', 0, 0, 2000.0000, 121, 98306, 146, 69, NULL);
INSERT INTO equipment_capability (id, description, end_time, reason, start_time, type, version, quantity_value, location, production_capability, quantity_unit, equipment, equipment_class) VALUES (98367, '', '2013-11-01 00:00:00', '', '2013-10-31 00:00:00', 0, 0, 2000.0000, 118, 98307, 146, 253, NULL);
INSERT INTO equipment_capability (id, description, end_time, reason, start_time, type, version, quantity_value, location, production_capability, quantity_unit, equipment, equipment_class) VALUES (98368, '', '2013-11-01 00:00:00', '', '2013-10-31 00:00:00', 0, 0, 2000.0000, 118, 98307, 146, 76, NULL);
INSERT INTO equipment_capability (id, description, end_time, reason, start_time, type, version, quantity_value, location, production_capability, quantity_unit, equipment, equipment_class) VALUES (98369, '', '2013-11-01 00:00:00', '', '2013-10-31 00:00:00', 0, 0, 1000.0000, 118, 98307, 146, 249, NULL);
INSERT INTO equipment_capability (id, description, end_time, reason, start_time, type, version, quantity_value, location, production_capability, quantity_unit, equipment, equipment_class) VALUES (98370, '', '2013-11-01 00:00:00', '', '2013-10-31 00:00:00', 0, 0, 750.0000, 118, 98307, 146, 72, NULL);
INSERT INTO equipment_capability (id, description, end_time, reason, start_time, type, version, quantity_value, location, production_capability, quantity_unit, equipment, equipment_class) VALUES (98371, '', '2013-11-01 00:00:00', '', '2013-10-31 00:00:00', 0, 0, 1000.0000, 121, 98307, 146, 248, NULL);
INSERT INTO equipment_capability (id, description, end_time, reason, start_time, type, version, quantity_value, location, production_capability, quantity_unit, equipment, equipment_class) VALUES (98372, '', '2013-11-01 00:00:00', '', '2013-10-31 00:00:00', 0, 0, 1000.0000, 119, 98307, 146, 254, NULL);
INSERT INTO equipment_capability (id, description, end_time, reason, start_time, type, version, quantity_value, location, production_capability, quantity_unit, equipment, equipment_class) VALUES (98373, '', '2013-11-01 00:00:00', '', '2013-10-31 00:00:00', 0, 0, 1000.0000, 118, 98307, 146, 120, NULL);
INSERT INTO equipment_capability (id, description, end_time, reason, start_time, type, version, quantity_value, location, production_capability, quantity_unit, equipment, equipment_class) VALUES (98374, '', '2013-11-01 00:00:00', '', '2013-10-31 00:00:00', 0, 0, 1000.0000, 118, 98307, 146, 250, NULL);
INSERT INTO equipment_capability (id, description, end_time, reason, start_time, type, version, quantity_value, location, production_capability, quantity_unit, equipment, equipment_class) VALUES (98375, '', '2013-11-01 00:00:00', '', '2013-10-31 00:00:00', 0, 0, 2000.0000, 121, 98307, 146, 69, NULL);
INSERT INTO equipment_capability (id, description, end_time, reason, start_time, type, version, quantity_value, location, production_capability, quantity_unit, equipment, equipment_class) VALUES (98376, '', '2013-11-01 00:00:00', '', '2013-10-31 00:00:00', 0, 0, 1000.0000, 118, 98307, 146, 251, NULL);
INSERT INTO equipment_capability (id, description, end_time, reason, start_time, type, version, quantity_value, location, production_capability, quantity_unit, equipment, equipment_class) VALUES (98377, '', '2013-11-01 00:00:00', '', '2013-10-31 00:00:00', 0, 0, 2000.0000, 118, 98307, 146, 252, NULL);
INSERT INTO equipment_capability (id, description, end_time, reason, start_time, type, version, quantity_value, location, production_capability, quantity_unit, equipment, equipment_class) VALUES (98378, '', '2013-11-01 00:00:00', '', '2013-10-31 00:00:00', 0, 0, 2000.0000, 118, 98307, 146, 75, NULL);
INSERT INTO equipment_capability (id, description, end_time, reason, start_time, type, version, quantity_value, location, production_capability, quantity_unit, equipment, equipment_class) VALUES (98379, '', '2013-11-01 00:00:00', '', '2013-10-31 00:00:00', 0, 0, 1000.0000, 119, 98307, 146, 77, NULL);
INSERT INTO equipment_capability (id, description, end_time, reason, start_time, type, version, quantity_value, location, production_capability, quantity_unit, equipment, equipment_class) VALUES (98380, '', '2013-11-01 00:00:00', '', '2013-10-31 00:00:00', 0, 0, 1000.0000, 118, 98307, 146, 73, NULL);
INSERT INTO equipment_capability (id, description, end_time, reason, start_time, type, version, quantity_value, location, production_capability, quantity_unit, equipment, equipment_class) VALUES (98381, '', '2013-11-01 00:00:00', '', '2013-10-31 00:00:00', 0, 0, 1000.0000, 118, 98307, 146, 246, NULL);
INSERT INTO equipment_capability (id, description, end_time, reason, start_time, type, version, quantity_value, location, production_capability, quantity_unit, equipment, equipment_class) VALUES (98382, '', '2013-11-01 00:00:00', '', '2013-10-31 00:00:00', 0, 0, 1000.0000, 118, 98307, 146, 74, NULL);
INSERT INTO equipment_capability (id, description, end_time, reason, start_time, type, version, quantity_value, location, production_capability, quantity_unit, equipment, equipment_class) VALUES (98383, '', '2013-11-02 00:00:00', '', '2013-11-01 00:00:00', 0, 0, 1000.0000, 118, 98308, 146, 120, NULL);
INSERT INTO equipment_capability (id, description, end_time, reason, start_time, type, version, quantity_value, location, production_capability, quantity_unit, equipment, equipment_class) VALUES (98384, '', '2013-11-02 00:00:00', '', '2013-11-01 00:00:00', 0, 0, 1000.0000, 119, 98308, 146, 77, NULL);
INSERT INTO equipment_capability (id, description, end_time, reason, start_time, type, version, quantity_value, location, production_capability, quantity_unit, equipment, equipment_class) VALUES (98385, '', '2013-11-02 00:00:00', '', '2013-11-01 00:00:00', 0, 0, 750.0000, 118, 98308, 146, 72, NULL);
INSERT INTO equipment_capability (id, description, end_time, reason, start_time, type, version, quantity_value, location, production_capability, quantity_unit, equipment, equipment_class) VALUES (98386, '', '2013-11-02 00:00:00', '', '2013-11-01 00:00:00', 0, 0, 1000.0000, 119, 98308, 146, 254, NULL);
INSERT INTO equipment_capability (id, description, end_time, reason, start_time, type, version, quantity_value, location, production_capability, quantity_unit, equipment, equipment_class) VALUES (98387, '', '2013-11-02 00:00:00', '', '2013-11-01 00:00:00', 0, 0, 2000.0000, 121, 98308, 146, 69, NULL);
INSERT INTO equipment_capability (id, description, end_time, reason, start_time, type, version, quantity_value, location, production_capability, quantity_unit, equipment, equipment_class) VALUES (98388, '', '2013-11-02 00:00:00', '', '2013-11-01 00:00:00', 0, 0, 2000.0000, 118, 98308, 146, 252, NULL);
INSERT INTO equipment_capability (id, description, end_time, reason, start_time, type, version, quantity_value, location, production_capability, quantity_unit, equipment, equipment_class) VALUES (98389, '', '2013-11-02 00:00:00', '', '2013-11-01 00:00:00', 0, 0, 1000.0000, 118, 98308, 146, 246, NULL);
INSERT INTO equipment_capability (id, description, end_time, reason, start_time, type, version, quantity_value, location, production_capability, quantity_unit, equipment, equipment_class) VALUES (98390, '', '2013-11-02 00:00:00', '', '2013-11-01 00:00:00', 0, 0, 1000.0000, 121, 98308, 146, 248, NULL);
INSERT INTO equipment_capability (id, description, end_time, reason, start_time, type, version, quantity_value, location, production_capability, quantity_unit, equipment, equipment_class) VALUES (98391, '', '2013-11-02 00:00:00', '', '2013-11-01 00:00:00', 0, 0, 1000.0000, 118, 98308, 146, 74, NULL);
INSERT INTO equipment_capability (id, description, end_time, reason, start_time, type, version, quantity_value, location, production_capability, quantity_unit, equipment, equipment_class) VALUES (98392, '', '2013-11-02 00:00:00', '', '2013-11-01 00:00:00', 0, 0, 1000.0000, 118, 98308, 146, 73, NULL);
INSERT INTO equipment_capability (id, description, end_time, reason, start_time, type, version, quantity_value, location, production_capability, quantity_unit, equipment, equipment_class) VALUES (98393, '', '2013-11-02 00:00:00', '', '2013-11-01 00:00:00', 0, 0, 2000.0000, 118, 98308, 146, 76, NULL);
INSERT INTO equipment_capability (id, description, end_time, reason, start_time, type, version, quantity_value, location, production_capability, quantity_unit, equipment, equipment_class) VALUES (98394, '', '2013-11-02 00:00:00', '', '2013-11-01 00:00:00', 0, 0, 2000.0000, 118, 98308, 146, 253, NULL);
INSERT INTO equipment_capability (id, description, end_time, reason, start_time, type, version, quantity_value, location, production_capability, quantity_unit, equipment, equipment_class) VALUES (98395, '', '2013-11-02 00:00:00', '', '2013-11-01 00:00:00', 0, 0, 1000.0000, 118, 98308, 146, 249, NULL);
INSERT INTO equipment_capability (id, description, end_time, reason, start_time, type, version, quantity_value, location, production_capability, quantity_unit, equipment, equipment_class) VALUES (98396, '', '2013-11-02 00:00:00', '', '2013-11-01 00:00:00', 0, 0, 2000.0000, 118, 98308, 146, 75, NULL);
INSERT INTO equipment_capability (id, description, end_time, reason, start_time, type, version, quantity_value, location, production_capability, quantity_unit, equipment, equipment_class) VALUES (98397, '', '2013-11-02 00:00:00', '', '2013-11-01 00:00:00', 0, 0, 1000.0000, 118, 98308, 146, 250, NULL);
INSERT INTO equipment_capability (id, description, end_time, reason, start_time, type, version, quantity_value, location, production_capability, quantity_unit, equipment, equipment_class) VALUES (98398, '', '2013-11-02 00:00:00', '', '2013-11-01 00:00:00', 0, 0, 1000.0000, 118, 98308, 146, 251, NULL);
INSERT INTO equipment_capability (id, description, end_time, reason, start_time, type, version, quantity_value, location, production_capability, quantity_unit, equipment, equipment_class) VALUES (98399, '', '2013-11-05 00:00:00', '', '2013-11-04 00:00:00', 0, 0, 2000.0000, 121, 98309, 146, 69, NULL);
INSERT INTO equipment_capability (id, description, end_time, reason, start_time, type, version, quantity_value, location, production_capability, quantity_unit, equipment, equipment_class) VALUES (98400, '', '2013-11-05 00:00:00', '', '2013-11-04 00:00:00', 0, 0, 2000.0000, 118, 98309, 146, 76, NULL);
INSERT INTO equipment_capability (id, description, end_time, reason, start_time, type, version, quantity_value, location, production_capability, quantity_unit, equipment, equipment_class) VALUES (98401, '', '2013-11-05 00:00:00', '', '2013-11-04 00:00:00', 0, 0, 1000.0000, 118, 98309, 146, 250, NULL);
INSERT INTO equipment_capability (id, description, end_time, reason, start_time, type, version, quantity_value, location, production_capability, quantity_unit, equipment, equipment_class) VALUES (98402, '', '2013-11-05 00:00:00', '', '2013-11-04 00:00:00', 0, 0, 1000.0000, 118, 98309, 146, 246, NULL);
INSERT INTO equipment_capability (id, description, end_time, reason, start_time, type, version, quantity_value, location, production_capability, quantity_unit, equipment, equipment_class) VALUES (98403, '', '2013-11-05 00:00:00', '', '2013-11-04 00:00:00', 0, 0, 2000.0000, 118, 98309, 146, 252, NULL);
INSERT INTO equipment_capability (id, description, end_time, reason, start_time, type, version, quantity_value, location, production_capability, quantity_unit, equipment, equipment_class) VALUES (98404, '', '2013-11-05 00:00:00', '', '2013-11-04 00:00:00', 0, 0, 2000.0000, 118, 98309, 146, 75, NULL);
INSERT INTO equipment_capability (id, description, end_time, reason, start_time, type, version, quantity_value, location, production_capability, quantity_unit, equipment, equipment_class) VALUES (98405, '', '2013-11-05 00:00:00', '', '2013-11-04 00:00:00', 0, 0, 1000.0000, 118, 98309, 146, 251, NULL);
INSERT INTO equipment_capability (id, description, end_time, reason, start_time, type, version, quantity_value, location, production_capability, quantity_unit, equipment, equipment_class) VALUES (98406, '', '2013-11-05 00:00:00', '', '2013-11-04 00:00:00', 0, 0, 1000.0000, 121, 98309, 146, 248, NULL);
INSERT INTO equipment_capability (id, description, end_time, reason, start_time, type, version, quantity_value, location, production_capability, quantity_unit, equipment, equipment_class) VALUES (98407, '', '2013-11-05 00:00:00', '', '2013-11-04 00:00:00', 0, 0, 1000.0000, 119, 98309, 146, 254, NULL);
INSERT INTO equipment_capability (id, description, end_time, reason, start_time, type, version, quantity_value, location, production_capability, quantity_unit, equipment, equipment_class) VALUES (98408, '', '2013-11-05 00:00:00', '', '2013-11-04 00:00:00', 0, 0, 1000.0000, 118, 98309, 146, 120, NULL);
INSERT INTO equipment_capability (id, description, end_time, reason, start_time, type, version, quantity_value, location, production_capability, quantity_unit, equipment, equipment_class) VALUES (98409, '', '2013-11-05 00:00:00', '', '2013-11-04 00:00:00', 0, 0, 1000.0000, 118, 98309, 146, 74, NULL);
INSERT INTO equipment_capability (id, description, end_time, reason, start_time, type, version, quantity_value, location, production_capability, quantity_unit, equipment, equipment_class) VALUES (98410, '', '2013-11-05 00:00:00', '', '2013-11-04 00:00:00', 0, 0, 750.0000, 118, 98309, 146, 72, NULL);
INSERT INTO equipment_capability (id, description, end_time, reason, start_time, type, version, quantity_value, location, production_capability, quantity_unit, equipment, equipment_class) VALUES (98411, '', '2013-11-05 00:00:00', '', '2013-11-04 00:00:00', 0, 0, 1000.0000, 118, 98309, 146, 73, NULL);
INSERT INTO equipment_capability (id, description, end_time, reason, start_time, type, version, quantity_value, location, production_capability, quantity_unit, equipment, equipment_class) VALUES (98412, '', '2013-11-05 00:00:00', '', '2013-11-04 00:00:00', 0, 0, 1000.0000, 119, 98309, 146, 77, NULL);
INSERT INTO equipment_capability (id, description, end_time, reason, start_time, type, version, quantity_value, location, production_capability, quantity_unit, equipment, equipment_class) VALUES (98413, '', '2013-11-05 00:00:00', '', '2013-11-04 00:00:00', 0, 0, 1000.0000, 118, 98309, 146, 249, NULL);
INSERT INTO equipment_capability (id, description, end_time, reason, start_time, type, version, quantity_value, location, production_capability, quantity_unit, equipment, equipment_class) VALUES (98414, '', '2013-11-05 00:00:00', '', '2013-11-04 00:00:00', 0, 0, 2000.0000, 118, 98309, 146, 253, NULL);
INSERT INTO equipment_capability (id, description, end_time, reason, start_time, type, version, quantity_value, location, production_capability, quantity_unit, equipment, equipment_class) VALUES (98415, '', '2013-11-06 00:00:00', '', '2013-11-05 00:00:00', 0, 0, 1000.0000, 121, 98310, 146, 248, NULL);
INSERT INTO equipment_capability (id, description, end_time, reason, start_time, type, version, quantity_value, location, production_capability, quantity_unit, equipment, equipment_class) VALUES (98416, '', '2013-11-06 00:00:00', '', '2013-11-05 00:00:00', 0, 0, 1000.0000, 118, 98310, 146, 251, NULL);
INSERT INTO equipment_capability (id, description, end_time, reason, start_time, type, version, quantity_value, location, production_capability, quantity_unit, equipment, equipment_class) VALUES (98417, '', '2013-11-06 00:00:00', '', '2013-11-05 00:00:00', 0, 0, 1000.0000, 118, 98310, 146, 74, NULL);
INSERT INTO equipment_capability (id, description, end_time, reason, start_time, type, version, quantity_value, location, production_capability, quantity_unit, equipment, equipment_class) VALUES (98418, '', '2013-11-06 00:00:00', '', '2013-11-05 00:00:00', 0, 0, 750.0000, 118, 98310, 146, 72, NULL);
INSERT INTO equipment_capability (id, description, end_time, reason, start_time, type, version, quantity_value, location, production_capability, quantity_unit, equipment, equipment_class) VALUES (98419, '', '2013-11-06 00:00:00', '', '2013-11-05 00:00:00', 0, 0, 2000.0000, 121, 98310, 146, 69, NULL);
INSERT INTO equipment_capability (id, description, end_time, reason, start_time, type, version, quantity_value, location, production_capability, quantity_unit, equipment, equipment_class) VALUES (98420, '', '2013-11-06 00:00:00', '', '2013-11-05 00:00:00', 0, 0, 1000.0000, 118, 98310, 146, 246, NULL);
INSERT INTO equipment_capability (id, description, end_time, reason, start_time, type, version, quantity_value, location, production_capability, quantity_unit, equipment, equipment_class) VALUES (98421, '', '2013-11-06 00:00:00', '', '2013-11-05 00:00:00', 0, 0, 1000.0000, 119, 98310, 146, 77, NULL);
INSERT INTO equipment_capability (id, description, end_time, reason, start_time, type, version, quantity_value, location, production_capability, quantity_unit, equipment, equipment_class) VALUES (98422, '', '2013-11-06 00:00:00', '', '2013-11-05 00:00:00', 0, 0, 1000.0000, 118, 98310, 146, 249, NULL);
INSERT INTO equipment_capability (id, description, end_time, reason, start_time, type, version, quantity_value, location, production_capability, quantity_unit, equipment, equipment_class) VALUES (98423, '', '2013-11-06 00:00:00', '', '2013-11-05 00:00:00', 0, 0, 1000.0000, 118, 98310, 146, 120, NULL);
INSERT INTO equipment_capability (id, description, end_time, reason, start_time, type, version, quantity_value, location, production_capability, quantity_unit, equipment, equipment_class) VALUES (98424, '', '2013-11-06 00:00:00', '', '2013-11-05 00:00:00', 0, 0, 2000.0000, 118, 98310, 146, 76, NULL);
INSERT INTO equipment_capability (id, description, end_time, reason, start_time, type, version, quantity_value, location, production_capability, quantity_unit, equipment, equipment_class) VALUES (98425, '', '2013-11-06 00:00:00', '', '2013-11-05 00:00:00', 0, 0, 1000.0000, 118, 98310, 146, 250, NULL);
INSERT INTO equipment_capability (id, description, end_time, reason, start_time, type, version, quantity_value, location, production_capability, quantity_unit, equipment, equipment_class) VALUES (98426, '', '2013-11-06 00:00:00', '', '2013-11-05 00:00:00', 0, 0, 1000.0000, 118, 98310, 146, 73, NULL);
INSERT INTO equipment_capability (id, description, end_time, reason, start_time, type, version, quantity_value, location, production_capability, quantity_unit, equipment, equipment_class) VALUES (98427, '', '2013-11-06 00:00:00', '', '2013-11-05 00:00:00', 0, 0, 2000.0000, 118, 98310, 146, 252, NULL);
INSERT INTO equipment_capability (id, description, end_time, reason, start_time, type, version, quantity_value, location, production_capability, quantity_unit, equipment, equipment_class) VALUES (98428, '', '2013-11-06 00:00:00', '', '2013-11-05 00:00:00', 0, 0, 1000.0000, 119, 98310, 146, 254, NULL);
INSERT INTO equipment_capability (id, description, end_time, reason, start_time, type, version, quantity_value, location, production_capability, quantity_unit, equipment, equipment_class) VALUES (98429, '', '2013-11-06 00:00:00', '', '2013-11-05 00:00:00', 0, 0, 2000.0000, 118, 98310, 146, 253, NULL);
INSERT INTO equipment_capability (id, description, end_time, reason, start_time, type, version, quantity_value, location, production_capability, quantity_unit, equipment, equipment_class) VALUES (98430, '', '2013-11-06 00:00:00', '', '2013-11-05 00:00:00', 0, 0, 2000.0000, 118, 98310, 146, 75, NULL);
INSERT INTO equipment_capability (id, description, end_time, reason, start_time, type, version, quantity_value, location, production_capability, quantity_unit, equipment, equipment_class) VALUES (98431, '', '2013-11-07 00:00:00', '', '2013-11-06 00:00:00', 0, 0, 1000.0000, 119, 98311, 146, 77, NULL);
INSERT INTO equipment_capability (id, description, end_time, reason, start_time, type, version, quantity_value, location, production_capability, quantity_unit, equipment, equipment_class) VALUES (98432, '', '2013-11-07 00:00:00', '', '2013-11-06 00:00:00', 0, 0, 1000.0000, 118, 98311, 146, 249, NULL);
INSERT INTO equipment_capability (id, description, end_time, reason, start_time, type, version, quantity_value, location, production_capability, quantity_unit, equipment, equipment_class) VALUES (98433, '', '2013-11-07 00:00:00', '', '2013-11-06 00:00:00', 0, 0, 2000.0000, 118, 98311, 146, 76, NULL);
INSERT INTO equipment_capability (id, description, end_time, reason, start_time, type, version, quantity_value, location, production_capability, quantity_unit, equipment, equipment_class) VALUES (98434, '', '2013-11-07 00:00:00', '', '2013-11-06 00:00:00', 0, 0, 1000.0000, 121, 98311, 146, 248, NULL);
INSERT INTO equipment_capability (id, description, end_time, reason, start_time, type, version, quantity_value, location, production_capability, quantity_unit, equipment, equipment_class) VALUES (98435, '', '2013-11-07 00:00:00', '', '2013-11-06 00:00:00', 0, 0, 1000.0000, 118, 98311, 146, 246, NULL);
INSERT INTO equipment_capability (id, description, end_time, reason, start_time, type, version, quantity_value, location, production_capability, quantity_unit, equipment, equipment_class) VALUES (98436, '', '2013-11-07 00:00:00', '', '2013-11-06 00:00:00', 0, 0, 2000.0000, 118, 98311, 146, 253, NULL);
INSERT INTO equipment_capability (id, description, end_time, reason, start_time, type, version, quantity_value, location, production_capability, quantity_unit, equipment, equipment_class) VALUES (98437, '', '2013-11-07 00:00:00', '', '2013-11-06 00:00:00', 0, 0, 1000.0000, 118, 98311, 146, 251, NULL);
INSERT INTO equipment_capability (id, description, end_time, reason, start_time, type, version, quantity_value, location, production_capability, quantity_unit, equipment, equipment_class) VALUES (98438, '', '2013-11-07 00:00:00', '', '2013-11-06 00:00:00', 0, 0, 1000.0000, 118, 98311, 146, 74, NULL);
INSERT INTO equipment_capability (id, description, end_time, reason, start_time, type, version, quantity_value, location, production_capability, quantity_unit, equipment, equipment_class) VALUES (98439, '', '2013-11-07 00:00:00', '', '2013-11-06 00:00:00', 0, 0, 1000.0000, 118, 98311, 146, 73, NULL);
INSERT INTO equipment_capability (id, description, end_time, reason, start_time, type, version, quantity_value, location, production_capability, quantity_unit, equipment, equipment_class) VALUES (98440, '', '2013-11-07 00:00:00', '', '2013-11-06 00:00:00', 0, 0, 1000.0000, 119, 98311, 146, 254, NULL);
INSERT INTO equipment_capability (id, description, end_time, reason, start_time, type, version, quantity_value, location, production_capability, quantity_unit, equipment, equipment_class) VALUES (98441, '', '2013-11-07 00:00:00', '', '2013-11-06 00:00:00', 0, 0, 2000.0000, 118, 98311, 146, 252, NULL);
INSERT INTO equipment_capability (id, description, end_time, reason, start_time, type, version, quantity_value, location, production_capability, quantity_unit, equipment, equipment_class) VALUES (98442, '', '2013-11-07 00:00:00', '', '2013-11-06 00:00:00', 0, 0, 750.0000, 118, 98311, 146, 72, NULL);
INSERT INTO equipment_capability (id, description, end_time, reason, start_time, type, version, quantity_value, location, production_capability, quantity_unit, equipment, equipment_class) VALUES (98443, '', '2013-11-07 00:00:00', '', '2013-11-06 00:00:00', 0, 0, 2000.0000, 121, 98311, 146, 69, NULL);
INSERT INTO equipment_capability (id, description, end_time, reason, start_time, type, version, quantity_value, location, production_capability, quantity_unit, equipment, equipment_class) VALUES (98444, '', '2013-11-07 00:00:00', '', '2013-11-06 00:00:00', 0, 0, 1000.0000, 118, 98311, 146, 120, NULL);
INSERT INTO equipment_capability (id, description, end_time, reason, start_time, type, version, quantity_value, location, production_capability, quantity_unit, equipment, equipment_class) VALUES (98445, '', '2013-11-07 00:00:00', '', '2013-11-06 00:00:00', 0, 0, 1000.0000, 118, 98311, 146, 250, NULL);
INSERT INTO equipment_capability (id, description, end_time, reason, start_time, type, version, quantity_value, location, production_capability, quantity_unit, equipment, equipment_class) VALUES (98446, '', '2013-11-07 00:00:00', '', '2013-11-06 00:00:00', 0, 0, 2000.0000, 118, 98311, 146, 75, NULL);
INSERT INTO equipment_capability (id, description, end_time, reason, start_time, type, version, quantity_value, location, production_capability, quantity_unit, equipment, equipment_class) VALUES (98447, '', '2013-11-08 00:00:00', '', '2013-11-07 00:00:00', 0, 0, 1000.0000, 118, 98312, 146, 249, NULL);
INSERT INTO equipment_capability (id, description, end_time, reason, start_time, type, version, quantity_value, location, production_capability, quantity_unit, equipment, equipment_class) VALUES (98448, '', '2013-11-08 00:00:00', '', '2013-11-07 00:00:00', 0, 0, 1000.0000, 119, 98312, 146, 254, NULL);
INSERT INTO equipment_capability (id, description, end_time, reason, start_time, type, version, quantity_value, location, production_capability, quantity_unit, equipment, equipment_class) VALUES (98449, '', '2013-11-08 00:00:00', '', '2013-11-07 00:00:00', 0, 0, 2000.0000, 121, 98312, 146, 69, NULL);
INSERT INTO equipment_capability (id, description, end_time, reason, start_time, type, version, quantity_value, location, production_capability, quantity_unit, equipment, equipment_class) VALUES (98450, '', '2013-11-08 00:00:00', '', '2013-11-07 00:00:00', 0, 0, 1000.0000, 118, 98312, 146, 250, NULL);
INSERT INTO equipment_capability (id, description, end_time, reason, start_time, type, version, quantity_value, location, production_capability, quantity_unit, equipment, equipment_class) VALUES (98451, '', '2013-11-08 00:00:00', '', '2013-11-07 00:00:00', 0, 0, 1000.0000, 118, 98312, 146, 73, NULL);
INSERT INTO equipment_capability (id, description, end_time, reason, start_time, type, version, quantity_value, location, production_capability, quantity_unit, equipment, equipment_class) VALUES (98452, '', '2013-11-08 00:00:00', '', '2013-11-07 00:00:00', 0, 0, 1000.0000, 118, 98312, 146, 120, NULL);
INSERT INTO equipment_capability (id, description, end_time, reason, start_time, type, version, quantity_value, location, production_capability, quantity_unit, equipment, equipment_class) VALUES (98453, '', '2013-11-08 00:00:00', '', '2013-11-07 00:00:00', 0, 0, 750.0000, 118, 98312, 146, 72, NULL);
INSERT INTO equipment_capability (id, description, end_time, reason, start_time, type, version, quantity_value, location, production_capability, quantity_unit, equipment, equipment_class) VALUES (98454, '', '2013-11-08 00:00:00', '', '2013-11-07 00:00:00', 0, 0, 1000.0000, 119, 98312, 146, 77, NULL);
INSERT INTO equipment_capability (id, description, end_time, reason, start_time, type, version, quantity_value, location, production_capability, quantity_unit, equipment, equipment_class) VALUES (98455, '', '2013-11-08 00:00:00', '', '2013-11-07 00:00:00', 0, 0, 1000.0000, 121, 98312, 146, 248, NULL);
INSERT INTO equipment_capability (id, description, end_time, reason, start_time, type, version, quantity_value, location, production_capability, quantity_unit, equipment, equipment_class) VALUES (98456, '', '2013-11-08 00:00:00', '', '2013-11-07 00:00:00', 0, 0, 2000.0000, 118, 98312, 146, 76, NULL);
INSERT INTO equipment_capability (id, description, end_time, reason, start_time, type, version, quantity_value, location, production_capability, quantity_unit, equipment, equipment_class) VALUES (98457, '', '2013-11-08 00:00:00', '', '2013-11-07 00:00:00', 0, 0, 1000.0000, 118, 98312, 146, 74, NULL);
INSERT INTO equipment_capability (id, description, end_time, reason, start_time, type, version, quantity_value, location, production_capability, quantity_unit, equipment, equipment_class) VALUES (98458, '', '2013-11-08 00:00:00', '', '2013-11-07 00:00:00', 0, 0, 2000.0000, 118, 98312, 146, 252, NULL);
INSERT INTO equipment_capability (id, description, end_time, reason, start_time, type, version, quantity_value, location, production_capability, quantity_unit, equipment, equipment_class) VALUES (98459, '', '2013-11-08 00:00:00', '', '2013-11-07 00:00:00', 0, 0, 1000.0000, 118, 98312, 146, 246, NULL);
INSERT INTO equipment_capability (id, description, end_time, reason, start_time, type, version, quantity_value, location, production_capability, quantity_unit, equipment, equipment_class) VALUES (98460, '', '2013-11-08 00:00:00', '', '2013-11-07 00:00:00', 0, 0, 2000.0000, 118, 98312, 146, 253, NULL);
INSERT INTO equipment_capability (id, description, end_time, reason, start_time, type, version, quantity_value, location, production_capability, quantity_unit, equipment, equipment_class) VALUES (98461, '', '2013-11-08 00:00:00', '', '2013-11-07 00:00:00', 0, 0, 1000.0000, 118, 98312, 146, 251, NULL);
INSERT INTO equipment_capability (id, description, end_time, reason, start_time, type, version, quantity_value, location, production_capability, quantity_unit, equipment, equipment_class) VALUES (98462, '', '2013-11-08 00:00:00', '', '2013-11-07 00:00:00', 0, 0, 2000.0000, 118, 98312, 146, 75, NULL);
INSERT INTO equipment_capability (id, description, end_time, reason, start_time, type, version, quantity_value, location, production_capability, quantity_unit, equipment, equipment_class) VALUES (98463, '', '2013-11-09 00:00:00', '', '2013-11-08 00:00:00', 0, 0, 1000.0000, 118, 98313, 146, 249, NULL);
INSERT INTO equipment_capability (id, description, end_time, reason, start_time, type, version, quantity_value, location, production_capability, quantity_unit, equipment, equipment_class) VALUES (98464, '', '2013-11-09 00:00:00', '', '2013-11-08 00:00:00', 0, 0, 1000.0000, 119, 98313, 146, 77, NULL);
INSERT INTO equipment_capability (id, description, end_time, reason, start_time, type, version, quantity_value, location, production_capability, quantity_unit, equipment, equipment_class) VALUES (98465, '', '2013-11-09 00:00:00', '', '2013-11-08 00:00:00', 0, 0, 1000.0000, 118, 98313, 146, 250, NULL);
INSERT INTO equipment_capability (id, description, end_time, reason, start_time, type, version, quantity_value, location, production_capability, quantity_unit, equipment, equipment_class) VALUES (98466, '', '2013-11-09 00:00:00', '', '2013-11-08 00:00:00', 0, 0, 1000.0000, 118, 98313, 146, 251, NULL);
INSERT INTO equipment_capability (id, description, end_time, reason, start_time, type, version, quantity_value, location, production_capability, quantity_unit, equipment, equipment_class) VALUES (98467, '', '2013-11-09 00:00:00', '', '2013-11-08 00:00:00', 0, 0, 2000.0000, 118, 98313, 146, 252, NULL);
INSERT INTO equipment_capability (id, description, end_time, reason, start_time, type, version, quantity_value, location, production_capability, quantity_unit, equipment, equipment_class) VALUES (98468, '', '2013-11-09 00:00:00', '', '2013-11-08 00:00:00', 0, 0, 1000.0000, 119, 98313, 146, 254, NULL);
INSERT INTO equipment_capability (id, description, end_time, reason, start_time, type, version, quantity_value, location, production_capability, quantity_unit, equipment, equipment_class) VALUES (98469, '', '2013-11-09 00:00:00', '', '2013-11-08 00:00:00', 0, 0, 1000.0000, 118, 98313, 146, 120, NULL);
INSERT INTO equipment_capability (id, description, end_time, reason, start_time, type, version, quantity_value, location, production_capability, quantity_unit, equipment, equipment_class) VALUES (98470, '', '2013-11-09 00:00:00', '', '2013-11-08 00:00:00', 0, 0, 2000.0000, 121, 98313, 146, 69, NULL);
INSERT INTO equipment_capability (id, description, end_time, reason, start_time, type, version, quantity_value, location, production_capability, quantity_unit, equipment, equipment_class) VALUES (98471, '', '2013-11-09 00:00:00', '', '2013-11-08 00:00:00', 0, 0, 2000.0000, 118, 98313, 146, 75, NULL);
INSERT INTO equipment_capability (id, description, end_time, reason, start_time, type, version, quantity_value, location, production_capability, quantity_unit, equipment, equipment_class) VALUES (98472, '', '2013-11-09 00:00:00', '', '2013-11-08 00:00:00', 0, 0, 2000.0000, 118, 98313, 146, 76, NULL);
INSERT INTO equipment_capability (id, description, end_time, reason, start_time, type, version, quantity_value, location, production_capability, quantity_unit, equipment, equipment_class) VALUES (98473, '', '2013-11-09 00:00:00', '', '2013-11-08 00:00:00', 0, 0, 1000.0000, 118, 98313, 146, 73, NULL);
INSERT INTO equipment_capability (id, description, end_time, reason, start_time, type, version, quantity_value, location, production_capability, quantity_unit, equipment, equipment_class) VALUES (98474, '', '2013-11-09 00:00:00', '', '2013-11-08 00:00:00', 0, 0, 1000.0000, 118, 98313, 146, 74, NULL);
INSERT INTO equipment_capability (id, description, end_time, reason, start_time, type, version, quantity_value, location, production_capability, quantity_unit, equipment, equipment_class) VALUES (98475, '', '2013-11-09 00:00:00', '', '2013-11-08 00:00:00', 0, 0, 1000.0000, 118, 98313, 146, 246, NULL);
INSERT INTO equipment_capability (id, description, end_time, reason, start_time, type, version, quantity_value, location, production_capability, quantity_unit, equipment, equipment_class) VALUES (98476, '', '2013-11-09 00:00:00', '', '2013-11-08 00:00:00', 0, 0, 750.0000, 118, 98313, 146, 72, NULL);
INSERT INTO equipment_capability (id, description, end_time, reason, start_time, type, version, quantity_value, location, production_capability, quantity_unit, equipment, equipment_class) VALUES (98477, '', '2013-11-09 00:00:00', '', '2013-11-08 00:00:00', 0, 0, 2000.0000, 118, 98313, 146, 253, NULL);
INSERT INTO equipment_capability (id, description, end_time, reason, start_time, type, version, quantity_value, location, production_capability, quantity_unit, equipment, equipment_class) VALUES (98478, '', '2013-11-09 00:00:00', '', '2013-11-08 00:00:00', 0, 0, 1000.0000, 121, 98313, 146, 248, NULL);
INSERT INTO equipment_capability (id, description, end_time, reason, start_time, type, version, quantity_value, location, production_capability, quantity_unit, equipment, equipment_class) VALUES (98479, '', '2013-11-12 00:00:00', '', '2013-11-11 00:00:00', 0, 0, 1000.0000, 119, 98314, 146, 77, NULL);
INSERT INTO equipment_capability (id, description, end_time, reason, start_time, type, version, quantity_value, location, production_capability, quantity_unit, equipment, equipment_class) VALUES (98480, '', '2013-11-12 00:00:00', '', '2013-11-11 00:00:00', 0, 0, 2000.0000, 118, 98314, 146, 253, NULL);
INSERT INTO equipment_capability (id, description, end_time, reason, start_time, type, version, quantity_value, location, production_capability, quantity_unit, equipment, equipment_class) VALUES (98481, '', '2013-11-12 00:00:00', '', '2013-11-11 00:00:00', 0, 0, 1000.0000, 118, 98314, 146, 249, NULL);
INSERT INTO equipment_capability (id, description, end_time, reason, start_time, type, version, quantity_value, location, production_capability, quantity_unit, equipment, equipment_class) VALUES (98482, '', '2013-11-12 00:00:00', '', '2013-11-11 00:00:00', 0, 0, 1000.0000, 118, 98314, 146, 120, NULL);
INSERT INTO equipment_capability (id, description, end_time, reason, start_time, type, version, quantity_value, location, production_capability, quantity_unit, equipment, equipment_class) VALUES (98483, '', '2013-11-12 00:00:00', '', '2013-11-11 00:00:00', 0, 0, 2000.0000, 118, 98314, 146, 75, NULL);
INSERT INTO equipment_capability (id, description, end_time, reason, start_time, type, version, quantity_value, location, production_capability, quantity_unit, equipment, equipment_class) VALUES (98484, '', '2013-11-12 00:00:00', '', '2013-11-11 00:00:00', 0, 0, 1000.0000, 118, 98314, 146, 246, NULL);
INSERT INTO equipment_capability (id, description, end_time, reason, start_time, type, version, quantity_value, location, production_capability, quantity_unit, equipment, equipment_class) VALUES (98485, '', '2013-11-12 00:00:00', '', '2013-11-11 00:00:00', 0, 0, 1000.0000, 118, 98314, 146, 251, NULL);
INSERT INTO equipment_capability (id, description, end_time, reason, start_time, type, version, quantity_value, location, production_capability, quantity_unit, equipment, equipment_class) VALUES (98486, '', '2013-11-12 00:00:00', '', '2013-11-11 00:00:00', 0, 0, 1000.0000, 119, 98314, 146, 254, NULL);
INSERT INTO equipment_capability (id, description, end_time, reason, start_time, type, version, quantity_value, location, production_capability, quantity_unit, equipment, equipment_class) VALUES (98487, '', '2013-11-12 00:00:00', '', '2013-11-11 00:00:00', 0, 0, 2000.0000, 121, 98314, 146, 69, NULL);
INSERT INTO equipment_capability (id, description, end_time, reason, start_time, type, version, quantity_value, location, production_capability, quantity_unit, equipment, equipment_class) VALUES (98488, '', '2013-11-12 00:00:00', '', '2013-11-11 00:00:00', 0, 0, 1000.0000, 118, 98314, 146, 73, NULL);
INSERT INTO equipment_capability (id, description, end_time, reason, start_time, type, version, quantity_value, location, production_capability, quantity_unit, equipment, equipment_class) VALUES (98489, '', '2013-11-12 00:00:00', '', '2013-11-11 00:00:00', 0, 0, 2000.0000, 118, 98314, 146, 252, NULL);
INSERT INTO equipment_capability (id, description, end_time, reason, start_time, type, version, quantity_value, location, production_capability, quantity_unit, equipment, equipment_class) VALUES (98490, '', '2013-11-12 00:00:00', '', '2013-11-11 00:00:00', 0, 0, 1000.0000, 118, 98314, 146, 250, NULL);
INSERT INTO equipment_capability (id, description, end_time, reason, start_time, type, version, quantity_value, location, production_capability, quantity_unit, equipment, equipment_class) VALUES (98491, '', '2013-11-12 00:00:00', '', '2013-11-11 00:00:00', 0, 0, 2000.0000, 118, 98314, 146, 76, NULL);
INSERT INTO equipment_capability (id, description, end_time, reason, start_time, type, version, quantity_value, location, production_capability, quantity_unit, equipment, equipment_class) VALUES (98492, '', '2013-11-12 00:00:00', '', '2013-11-11 00:00:00', 0, 0, 750.0000, 118, 98314, 146, 72, NULL);
INSERT INTO equipment_capability (id, description, end_time, reason, start_time, type, version, quantity_value, location, production_capability, quantity_unit, equipment, equipment_class) VALUES (98493, '', '2013-11-12 00:00:00', '', '2013-11-11 00:00:00', 0, 0, 1000.0000, 118, 98314, 146, 74, NULL);
INSERT INTO equipment_capability (id, description, end_time, reason, start_time, type, version, quantity_value, location, production_capability, quantity_unit, equipment, equipment_class) VALUES (98494, '', '2013-11-12 00:00:00', '', '2013-11-11 00:00:00', 0, 0, 1000.0000, 121, 98314, 146, 248, NULL);
INSERT INTO equipment_capability (id, description, end_time, reason, start_time, type, version, quantity_value, location, production_capability, quantity_unit, equipment, equipment_class) VALUES (98495, '', '2013-11-13 00:00:00', '', '2013-11-12 00:00:00', 0, 0, 2000.0000, 118, 98315, 146, 252, NULL);
INSERT INTO equipment_capability (id, description, end_time, reason, start_time, type, version, quantity_value, location, production_capability, quantity_unit, equipment, equipment_class) VALUES (98496, '', '2013-11-13 00:00:00', '', '2013-11-12 00:00:00', 0, 0, 2000.0000, 118, 98315, 146, 75, NULL);
INSERT INTO equipment_capability (id, description, end_time, reason, start_time, type, version, quantity_value, location, production_capability, quantity_unit, equipment, equipment_class) VALUES (98497, '', '2013-11-13 00:00:00', '', '2013-11-12 00:00:00', 0, 0, 750.0000, 118, 98315, 146, 72, NULL);
INSERT INTO equipment_capability (id, description, end_time, reason, start_time, type, version, quantity_value, location, production_capability, quantity_unit, equipment, equipment_class) VALUES (98498, '', '2013-11-13 00:00:00', '', '2013-11-12 00:00:00', 0, 0, 1000.0000, 118, 98315, 146, 74, NULL);
INSERT INTO equipment_capability (id, description, end_time, reason, start_time, type, version, quantity_value, location, production_capability, quantity_unit, equipment, equipment_class) VALUES (98499, '', '2013-11-13 00:00:00', '', '2013-11-12 00:00:00', 0, 0, 1000.0000, 119, 98315, 146, 77, NULL);
INSERT INTO equipment_capability (id, description, end_time, reason, start_time, type, version, quantity_value, location, production_capability, quantity_unit, equipment, equipment_class) VALUES (98500, '', '2013-11-13 00:00:00', '', '2013-11-12 00:00:00', 0, 0, 1000.0000, 119, 98315, 146, 254, NULL);
INSERT INTO equipment_capability (id, description, end_time, reason, start_time, type, version, quantity_value, location, production_capability, quantity_unit, equipment, equipment_class) VALUES (98501, '', '2013-11-13 00:00:00', '', '2013-11-12 00:00:00', 0, 0, 2000.0000, 118, 98315, 146, 76, NULL);
INSERT INTO equipment_capability (id, description, end_time, reason, start_time, type, version, quantity_value, location, production_capability, quantity_unit, equipment, equipment_class) VALUES (98502, '', '2013-11-13 00:00:00', '', '2013-11-12 00:00:00', 0, 0, 1000.0000, 118, 98315, 146, 250, NULL);
INSERT INTO equipment_capability (id, description, end_time, reason, start_time, type, version, quantity_value, location, production_capability, quantity_unit, equipment, equipment_class) VALUES (98503, '', '2013-11-13 00:00:00', '', '2013-11-12 00:00:00', 0, 0, 1000.0000, 121, 98315, 146, 248, NULL);
INSERT INTO equipment_capability (id, description, end_time, reason, start_time, type, version, quantity_value, location, production_capability, quantity_unit, equipment, equipment_class) VALUES (98504, '', '2013-11-13 00:00:00', '', '2013-11-12 00:00:00', 0, 0, 1000.0000, 118, 98315, 146, 120, NULL);
INSERT INTO equipment_capability (id, description, end_time, reason, start_time, type, version, quantity_value, location, production_capability, quantity_unit, equipment, equipment_class) VALUES (98505, '', '2013-11-13 00:00:00', '', '2013-11-12 00:00:00', 0, 0, 1000.0000, 118, 98315, 146, 249, NULL);
INSERT INTO equipment_capability (id, description, end_time, reason, start_time, type, version, quantity_value, location, production_capability, quantity_unit, equipment, equipment_class) VALUES (98506, '', '2013-11-13 00:00:00', '', '2013-11-12 00:00:00', 0, 0, 1000.0000, 118, 98315, 146, 73, NULL);
INSERT INTO equipment_capability (id, description, end_time, reason, start_time, type, version, quantity_value, location, production_capability, quantity_unit, equipment, equipment_class) VALUES (98507, '', '2013-11-13 00:00:00', '', '2013-11-12 00:00:00', 0, 0, 2000.0000, 118, 98315, 146, 253, NULL);
INSERT INTO equipment_capability (id, description, end_time, reason, start_time, type, version, quantity_value, location, production_capability, quantity_unit, equipment, equipment_class) VALUES (98508, '', '2013-11-13 00:00:00', '', '2013-11-12 00:00:00', 0, 0, 1000.0000, 118, 98315, 146, 251, NULL);
INSERT INTO equipment_capability (id, description, end_time, reason, start_time, type, version, quantity_value, location, production_capability, quantity_unit, equipment, equipment_class) VALUES (98509, '', '2013-11-13 00:00:00', '', '2013-11-12 00:00:00', 0, 0, 2000.0000, 121, 98315, 146, 69, NULL);
INSERT INTO equipment_capability (id, description, end_time, reason, start_time, type, version, quantity_value, location, production_capability, quantity_unit, equipment, equipment_class) VALUES (98510, '', '2013-11-13 00:00:00', '', '2013-11-12 00:00:00', 0, 0, 1000.0000, 118, 98315, 146, 246, NULL);
INSERT INTO equipment_capability (id, description, end_time, reason, start_time, type, version, quantity_value, location, production_capability, quantity_unit, equipment, equipment_class) VALUES (98511, '', '2013-11-14 00:00:00', '', '2013-11-13 00:00:00', 0, 0, 1000.0000, 121, 98316, 146, 248, NULL);
INSERT INTO equipment_capability (id, description, end_time, reason, start_time, type, version, quantity_value, location, production_capability, quantity_unit, equipment, equipment_class) VALUES (98512, '', '2013-11-14 00:00:00', '', '2013-11-13 00:00:00', 0, 0, 2000.0000, 118, 98316, 146, 76, NULL);
INSERT INTO equipment_capability (id, description, end_time, reason, start_time, type, version, quantity_value, location, production_capability, quantity_unit, equipment, equipment_class) VALUES (98513, '', '2013-11-14 00:00:00', '', '2013-11-13 00:00:00', 0, 0, 1000.0000, 118, 98316, 146, 74, NULL);
INSERT INTO equipment_capability (id, description, end_time, reason, start_time, type, version, quantity_value, location, production_capability, quantity_unit, equipment, equipment_class) VALUES (98514, '', '2013-11-14 00:00:00', '', '2013-11-13 00:00:00', 0, 0, 2000.0000, 121, 98316, 146, 69, NULL);
INSERT INTO equipment_capability (id, description, end_time, reason, start_time, type, version, quantity_value, location, production_capability, quantity_unit, equipment, equipment_class) VALUES (98515, '', '2013-11-14 00:00:00', '', '2013-11-13 00:00:00', 0, 0, 1000.0000, 118, 98316, 146, 251, NULL);
INSERT INTO equipment_capability (id, description, end_time, reason, start_time, type, version, quantity_value, location, production_capability, quantity_unit, equipment, equipment_class) VALUES (98516, '', '2013-11-14 00:00:00', '', '2013-11-13 00:00:00', 0, 0, 2000.0000, 118, 98316, 146, 75, NULL);
INSERT INTO equipment_capability (id, description, end_time, reason, start_time, type, version, quantity_value, location, production_capability, quantity_unit, equipment, equipment_class) VALUES (98517, '', '2013-11-14 00:00:00', '', '2013-11-13 00:00:00', 0, 0, 1000.0000, 119, 98316, 146, 254, NULL);
INSERT INTO equipment_capability (id, description, end_time, reason, start_time, type, version, quantity_value, location, production_capability, quantity_unit, equipment, equipment_class) VALUES (98518, '', '2013-11-14 00:00:00', '', '2013-11-13 00:00:00', 0, 0, 2000.0000, 118, 98316, 146, 253, NULL);
INSERT INTO equipment_capability (id, description, end_time, reason, start_time, type, version, quantity_value, location, production_capability, quantity_unit, equipment, equipment_class) VALUES (98519, '', '2013-11-14 00:00:00', '', '2013-11-13 00:00:00', 0, 0, 750.0000, 118, 98316, 146, 72, NULL);
INSERT INTO equipment_capability (id, description, end_time, reason, start_time, type, version, quantity_value, location, production_capability, quantity_unit, equipment, equipment_class) VALUES (98520, '', '2013-11-14 00:00:00', '', '2013-11-13 00:00:00', 0, 0, 1000.0000, 119, 98316, 146, 77, NULL);
INSERT INTO equipment_capability (id, description, end_time, reason, start_time, type, version, quantity_value, location, production_capability, quantity_unit, equipment, equipment_class) VALUES (98521, '', '2013-11-14 00:00:00', '', '2013-11-13 00:00:00', 0, 0, 1000.0000, 118, 98316, 146, 249, NULL);
INSERT INTO equipment_capability (id, description, end_time, reason, start_time, type, version, quantity_value, location, production_capability, quantity_unit, equipment, equipment_class) VALUES (98522, '', '2013-11-14 00:00:00', '', '2013-11-13 00:00:00', 0, 0, 1000.0000, 118, 98316, 146, 250, NULL);
INSERT INTO equipment_capability (id, description, end_time, reason, start_time, type, version, quantity_value, location, production_capability, quantity_unit, equipment, equipment_class) VALUES (98523, '', '2013-11-14 00:00:00', '', '2013-11-13 00:00:00', 0, 0, 1000.0000, 118, 98316, 146, 246, NULL);
INSERT INTO equipment_capability (id, description, end_time, reason, start_time, type, version, quantity_value, location, production_capability, quantity_unit, equipment, equipment_class) VALUES (98524, '', '2013-11-14 00:00:00', '', '2013-11-13 00:00:00', 0, 0, 1000.0000, 118, 98316, 146, 120, NULL);
INSERT INTO equipment_capability (id, description, end_time, reason, start_time, type, version, quantity_value, location, production_capability, quantity_unit, equipment, equipment_class) VALUES (98525, '', '2013-11-14 00:00:00', '', '2013-11-13 00:00:00', 0, 0, 1000.0000, 118, 98316, 146, 73, NULL);
INSERT INTO equipment_capability (id, description, end_time, reason, start_time, type, version, quantity_value, location, production_capability, quantity_unit, equipment, equipment_class) VALUES (98526, '', '2013-11-14 00:00:00', '', '2013-11-13 00:00:00', 0, 0, 2000.0000, 118, 98316, 146, 252, NULL);
INSERT INTO equipment_capability (id, description, end_time, reason, start_time, type, version, quantity_value, location, production_capability, quantity_unit, equipment, equipment_class) VALUES (98527, '', '2013-11-15 00:00:00', '', '2013-11-14 00:00:00', 0, 0, 1000.0000, 118, 98317, 146, 249, NULL);
INSERT INTO equipment_capability (id, description, end_time, reason, start_time, type, version, quantity_value, location, production_capability, quantity_unit, equipment, equipment_class) VALUES (98528, '', '2013-11-15 00:00:00', '', '2013-11-14 00:00:00', 0, 0, 1000.0000, 118, 98317, 146, 120, NULL);
INSERT INTO equipment_capability (id, description, end_time, reason, start_time, type, version, quantity_value, location, production_capability, quantity_unit, equipment, equipment_class) VALUES (98529, '', '2013-11-15 00:00:00', '', '2013-11-14 00:00:00', 0, 0, 750.0000, 118, 98317, 146, 72, NULL);
INSERT INTO equipment_capability (id, description, end_time, reason, start_time, type, version, quantity_value, location, production_capability, quantity_unit, equipment, equipment_class) VALUES (98530, '', '2013-11-15 00:00:00', '', '2013-11-14 00:00:00', 0, 0, 2000.0000, 121, 98317, 146, 69, NULL);
INSERT INTO equipment_capability (id, description, end_time, reason, start_time, type, version, quantity_value, location, production_capability, quantity_unit, equipment, equipment_class) VALUES (98531, '', '2013-11-15 00:00:00', '', '2013-11-14 00:00:00', 0, 0, 2000.0000, 118, 98317, 146, 75, NULL);
INSERT INTO equipment_capability (id, description, end_time, reason, start_time, type, version, quantity_value, location, production_capability, quantity_unit, equipment, equipment_class) VALUES (98532, '', '2013-11-15 00:00:00', '', '2013-11-14 00:00:00', 0, 0, 2000.0000, 118, 98317, 146, 76, NULL);
INSERT INTO equipment_capability (id, description, end_time, reason, start_time, type, version, quantity_value, location, production_capability, quantity_unit, equipment, equipment_class) VALUES (98533, '', '2013-11-15 00:00:00', '', '2013-11-14 00:00:00', 0, 0, 2000.0000, 118, 98317, 146, 253, NULL);
INSERT INTO equipment_capability (id, description, end_time, reason, start_time, type, version, quantity_value, location, production_capability, quantity_unit, equipment, equipment_class) VALUES (98534, '', '2013-11-15 00:00:00', '', '2013-11-14 00:00:00', 0, 0, 1000.0000, 119, 98317, 146, 254, NULL);
INSERT INTO equipment_capability (id, description, end_time, reason, start_time, type, version, quantity_value, location, production_capability, quantity_unit, equipment, equipment_class) VALUES (98535, '', '2013-11-15 00:00:00', '', '2013-11-14 00:00:00', 0, 0, 1000.0000, 118, 98317, 146, 251, NULL);
INSERT INTO equipment_capability (id, description, end_time, reason, start_time, type, version, quantity_value, location, production_capability, quantity_unit, equipment, equipment_class) VALUES (98536, '', '2013-11-15 00:00:00', '', '2013-11-14 00:00:00', 0, 0, 1000.0000, 121, 98317, 146, 248, NULL);
INSERT INTO equipment_capability (id, description, end_time, reason, start_time, type, version, quantity_value, location, production_capability, quantity_unit, equipment, equipment_class) VALUES (98537, '', '2013-11-15 00:00:00', '', '2013-11-14 00:00:00', 0, 0, 1000.0000, 118, 98317, 146, 246, NULL);
INSERT INTO equipment_capability (id, description, end_time, reason, start_time, type, version, quantity_value, location, production_capability, quantity_unit, equipment, equipment_class) VALUES (98538, '', '2013-11-15 00:00:00', '', '2013-11-14 00:00:00', 0, 0, 1000.0000, 118, 98317, 146, 74, NULL);
INSERT INTO equipment_capability (id, description, end_time, reason, start_time, type, version, quantity_value, location, production_capability, quantity_unit, equipment, equipment_class) VALUES (98539, '', '2013-11-15 00:00:00', '', '2013-11-14 00:00:00', 0, 0, 1000.0000, 118, 98317, 146, 73, NULL);
INSERT INTO equipment_capability (id, description, end_time, reason, start_time, type, version, quantity_value, location, production_capability, quantity_unit, equipment, equipment_class) VALUES (98540, '', '2013-11-15 00:00:00', '', '2013-11-14 00:00:00', 0, 0, 1000.0000, 119, 98317, 146, 77, NULL);
INSERT INTO equipment_capability (id, description, end_time, reason, start_time, type, version, quantity_value, location, production_capability, quantity_unit, equipment, equipment_class) VALUES (98541, '', '2013-11-15 00:00:00', '', '2013-11-14 00:00:00', 0, 0, 1000.0000, 118, 98317, 146, 250, NULL);
INSERT INTO equipment_capability (id, description, end_time, reason, start_time, type, version, quantity_value, location, production_capability, quantity_unit, equipment, equipment_class) VALUES (98542, '', '2013-11-15 00:00:00', '', '2013-11-14 00:00:00', 0, 0, 2000.0000, 118, 98317, 146, 252, NULL);
INSERT INTO equipment_capability (id, description, end_time, reason, start_time, type, version, quantity_value, location, production_capability, quantity_unit, equipment, equipment_class) VALUES (98543, '', '2013-11-16 00:00:00', '', '2013-11-15 00:00:00', 0, 0, 2000.0000, 118, 98318, 146, 75, NULL);
INSERT INTO equipment_capability (id, description, end_time, reason, start_time, type, version, quantity_value, location, production_capability, quantity_unit, equipment, equipment_class) VALUES (98544, '', '2013-11-16 00:00:00', '', '2013-11-15 00:00:00', 0, 0, 1000.0000, 118, 98318, 146, 250, NULL);
INSERT INTO equipment_capability (id, description, end_time, reason, start_time, type, version, quantity_value, location, production_capability, quantity_unit, equipment, equipment_class) VALUES (98545, '', '2013-11-16 00:00:00', '', '2013-11-15 00:00:00', 0, 0, 1000.0000, 118, 98318, 146, 73, NULL);
INSERT INTO equipment_capability (id, description, end_time, reason, start_time, type, version, quantity_value, location, production_capability, quantity_unit, equipment, equipment_class) VALUES (98546, '', '2013-11-16 00:00:00', '', '2013-11-15 00:00:00', 0, 0, 2000.0000, 118, 98318, 146, 252, NULL);
INSERT INTO equipment_capability (id, description, end_time, reason, start_time, type, version, quantity_value, location, production_capability, quantity_unit, equipment, equipment_class) VALUES (98547, '', '2013-11-16 00:00:00', '', '2013-11-15 00:00:00', 0, 0, 2000.0000, 118, 98318, 146, 76, NULL);
INSERT INTO equipment_capability (id, description, end_time, reason, start_time, type, version, quantity_value, location, production_capability, quantity_unit, equipment, equipment_class) VALUES (98548, '', '2013-11-16 00:00:00', '', '2013-11-15 00:00:00', 0, 0, 1000.0000, 119, 98318, 146, 77, NULL);
INSERT INTO equipment_capability (id, description, end_time, reason, start_time, type, version, quantity_value, location, production_capability, quantity_unit, equipment, equipment_class) VALUES (98549, '', '2013-11-16 00:00:00', '', '2013-11-15 00:00:00', 0, 0, 2000.0000, 121, 98318, 146, 69, NULL);
INSERT INTO equipment_capability (id, description, end_time, reason, start_time, type, version, quantity_value, location, production_capability, quantity_unit, equipment, equipment_class) VALUES (98550, '', '2013-11-16 00:00:00', '', '2013-11-15 00:00:00', 0, 0, 1000.0000, 118, 98318, 146, 246, NULL);
INSERT INTO equipment_capability (id, description, end_time, reason, start_time, type, version, quantity_value, location, production_capability, quantity_unit, equipment, equipment_class) VALUES (98551, '', '2013-11-16 00:00:00', '', '2013-11-15 00:00:00', 0, 0, 2000.0000, 118, 98318, 146, 253, NULL);
INSERT INTO equipment_capability (id, description, end_time, reason, start_time, type, version, quantity_value, location, production_capability, quantity_unit, equipment, equipment_class) VALUES (98552, '', '2013-11-16 00:00:00', '', '2013-11-15 00:00:00', 0, 0, 1000.0000, 118, 98318, 146, 120, NULL);
INSERT INTO equipment_capability (id, description, end_time, reason, start_time, type, version, quantity_value, location, production_capability, quantity_unit, equipment, equipment_class) VALUES (98553, '', '2013-11-16 00:00:00', '', '2013-11-15 00:00:00', 0, 0, 1000.0000, 118, 98318, 146, 251, NULL);
INSERT INTO equipment_capability (id, description, end_time, reason, start_time, type, version, quantity_value, location, production_capability, quantity_unit, equipment, equipment_class) VALUES (98554, '', '2013-11-16 00:00:00', '', '2013-11-15 00:00:00', 0, 0, 1000.0000, 119, 98318, 146, 254, NULL);
INSERT INTO equipment_capability (id, description, end_time, reason, start_time, type, version, quantity_value, location, production_capability, quantity_unit, equipment, equipment_class) VALUES (98555, '', '2013-11-16 00:00:00', '', '2013-11-15 00:00:00', 0, 0, 750.0000, 118, 98318, 146, 72, NULL);
INSERT INTO equipment_capability (id, description, end_time, reason, start_time, type, version, quantity_value, location, production_capability, quantity_unit, equipment, equipment_class) VALUES (98556, '', '2013-11-16 00:00:00', '', '2013-11-15 00:00:00', 0, 0, 1000.0000, 118, 98318, 146, 74, NULL);
INSERT INTO equipment_capability (id, description, end_time, reason, start_time, type, version, quantity_value, location, production_capability, quantity_unit, equipment, equipment_class) VALUES (98557, '', '2013-11-16 00:00:00', '', '2013-11-15 00:00:00', 0, 0, 1000.0000, 118, 98318, 146, 249, NULL);
INSERT INTO equipment_capability (id, description, end_time, reason, start_time, type, version, quantity_value, location, production_capability, quantity_unit, equipment, equipment_class) VALUES (98558, '', '2013-11-16 00:00:00', '', '2013-11-15 00:00:00', 0, 0, 1000.0000, 121, 98318, 146, 248, NULL);
INSERT INTO equipment_capability (id, description, end_time, reason, start_time, type, version, quantity_value, location, production_capability, quantity_unit, equipment, equipment_class) VALUES (98559, '', '2013-11-19 00:00:00', '', '2013-11-18 00:00:00', 0, 0, 2000.0000, 118, 98319, 146, 76, NULL);
INSERT INTO equipment_capability (id, description, end_time, reason, start_time, type, version, quantity_value, location, production_capability, quantity_unit, equipment, equipment_class) VALUES (98560, '', '2013-11-19 00:00:00', '', '2013-11-18 00:00:00', 0, 0, 750.0000, 118, 98319, 146, 72, NULL);
INSERT INTO equipment_capability (id, description, end_time, reason, start_time, type, version, quantity_value, location, production_capability, quantity_unit, equipment, equipment_class) VALUES (98561, '', '2013-11-19 00:00:00', '', '2013-11-18 00:00:00', 0, 0, 1000.0000, 118, 98319, 146, 74, NULL);
INSERT INTO equipment_capability (id, description, end_time, reason, start_time, type, version, quantity_value, location, production_capability, quantity_unit, equipment, equipment_class) VALUES (98562, '', '2013-11-19 00:00:00', '', '2013-11-18 00:00:00', 0, 0, 2000.0000, 121, 98319, 146, 69, NULL);
INSERT INTO equipment_capability (id, description, end_time, reason, start_time, type, version, quantity_value, location, production_capability, quantity_unit, equipment, equipment_class) VALUES (98563, '', '2013-11-19 00:00:00', '', '2013-11-18 00:00:00', 0, 0, 1000.0000, 121, 98319, 146, 248, NULL);
INSERT INTO equipment_capability (id, description, end_time, reason, start_time, type, version, quantity_value, location, production_capability, quantity_unit, equipment, equipment_class) VALUES (98564, '', '2013-11-19 00:00:00', '', '2013-11-18 00:00:00', 0, 0, 2000.0000, 118, 98319, 146, 252, NULL);
INSERT INTO equipment_capability (id, description, end_time, reason, start_time, type, version, quantity_value, location, production_capability, quantity_unit, equipment, equipment_class) VALUES (98565, '', '2013-11-19 00:00:00', '', '2013-11-18 00:00:00', 0, 0, 1000.0000, 119, 98319, 146, 254, NULL);
INSERT INTO equipment_capability (id, description, end_time, reason, start_time, type, version, quantity_value, location, production_capability, quantity_unit, equipment, equipment_class) VALUES (98566, '', '2013-11-19 00:00:00', '', '2013-11-18 00:00:00', 0, 0, 2000.0000, 118, 98319, 146, 75, NULL);
INSERT INTO equipment_capability (id, description, end_time, reason, start_time, type, version, quantity_value, location, production_capability, quantity_unit, equipment, equipment_class) VALUES (98567, '', '2013-11-19 00:00:00', '', '2013-11-18 00:00:00', 0, 0, 1000.0000, 118, 98319, 146, 251, NULL);
INSERT INTO equipment_capability (id, description, end_time, reason, start_time, type, version, quantity_value, location, production_capability, quantity_unit, equipment, equipment_class) VALUES (98568, '', '2013-11-19 00:00:00', '', '2013-11-18 00:00:00', 0, 0, 1000.0000, 118, 98319, 146, 73, NULL);
INSERT INTO equipment_capability (id, description, end_time, reason, start_time, type, version, quantity_value, location, production_capability, quantity_unit, equipment, equipment_class) VALUES (98569, '', '2013-11-19 00:00:00', '', '2013-11-18 00:00:00', 0, 0, 1000.0000, 118, 98319, 146, 120, NULL);
INSERT INTO equipment_capability (id, description, end_time, reason, start_time, type, version, quantity_value, location, production_capability, quantity_unit, equipment, equipment_class) VALUES (98570, '', '2013-11-19 00:00:00', '', '2013-11-18 00:00:00', 0, 0, 1000.0000, 118, 98319, 146, 250, NULL);
INSERT INTO equipment_capability (id, description, end_time, reason, start_time, type, version, quantity_value, location, production_capability, quantity_unit, equipment, equipment_class) VALUES (98571, '', '2013-11-19 00:00:00', '', '2013-11-18 00:00:00', 0, 0, 1000.0000, 119, 98319, 146, 77, NULL);
INSERT INTO equipment_capability (id, description, end_time, reason, start_time, type, version, quantity_value, location, production_capability, quantity_unit, equipment, equipment_class) VALUES (98572, '', '2013-11-19 00:00:00', '', '2013-11-18 00:00:00', 0, 0, 1000.0000, 118, 98319, 146, 246, NULL);
INSERT INTO equipment_capability (id, description, end_time, reason, start_time, type, version, quantity_value, location, production_capability, quantity_unit, equipment, equipment_class) VALUES (98573, '', '2013-11-19 00:00:00', '', '2013-11-18 00:00:00', 0, 0, 1000.0000, 118, 98319, 146, 249, NULL);
INSERT INTO equipment_capability (id, description, end_time, reason, start_time, type, version, quantity_value, location, production_capability, quantity_unit, equipment, equipment_class) VALUES (98574, '', '2013-11-19 00:00:00', '', '2013-11-18 00:00:00', 0, 0, 2000.0000, 118, 98319, 146, 253, NULL);
INSERT INTO equipment_capability (id, description, end_time, reason, start_time, type, version, quantity_value, location, production_capability, quantity_unit, equipment, equipment_class) VALUES (98575, '', '2013-11-20 00:00:00', '', '2013-11-19 00:00:00', 0, 0, 2000.0000, 118, 98320, 146, 75, NULL);
INSERT INTO equipment_capability (id, description, end_time, reason, start_time, type, version, quantity_value, location, production_capability, quantity_unit, equipment, equipment_class) VALUES (98576, '', '2013-11-20 00:00:00', '', '2013-11-19 00:00:00', 0, 0, 1000.0000, 118, 98320, 146, 249, NULL);
INSERT INTO equipment_capability (id, description, end_time, reason, start_time, type, version, quantity_value, location, production_capability, quantity_unit, equipment, equipment_class) VALUES (98577, '', '2013-11-20 00:00:00', '', '2013-11-19 00:00:00', 0, 0, 750.0000, 118, 98320, 146, 72, NULL);
INSERT INTO equipment_capability (id, description, end_time, reason, start_time, type, version, quantity_value, location, production_capability, quantity_unit, equipment, equipment_class) VALUES (98578, '', '2013-11-20 00:00:00', '', '2013-11-19 00:00:00', 0, 0, 1000.0000, 119, 98320, 146, 254, NULL);
INSERT INTO equipment_capability (id, description, end_time, reason, start_time, type, version, quantity_value, location, production_capability, quantity_unit, equipment, equipment_class) VALUES (98579, '', '2013-11-20 00:00:00', '', '2013-11-19 00:00:00', 0, 0, 1000.0000, 118, 98320, 146, 74, NULL);
INSERT INTO equipment_capability (id, description, end_time, reason, start_time, type, version, quantity_value, location, production_capability, quantity_unit, equipment, equipment_class) VALUES (98580, '', '2013-11-20 00:00:00', '', '2013-11-19 00:00:00', 0, 0, 1000.0000, 121, 98320, 146, 248, NULL);
INSERT INTO equipment_capability (id, description, end_time, reason, start_time, type, version, quantity_value, location, production_capability, quantity_unit, equipment, equipment_class) VALUES (98581, '', '2013-11-20 00:00:00', '', '2013-11-19 00:00:00', 0, 0, 1000.0000, 118, 98320, 146, 250, NULL);
INSERT INTO equipment_capability (id, description, end_time, reason, start_time, type, version, quantity_value, location, production_capability, quantity_unit, equipment, equipment_class) VALUES (98582, '', '2013-11-20 00:00:00', '', '2013-11-19 00:00:00', 0, 0, 1000.0000, 118, 98320, 146, 246, NULL);
INSERT INTO equipment_capability (id, description, end_time, reason, start_time, type, version, quantity_value, location, production_capability, quantity_unit, equipment, equipment_class) VALUES (98583, '', '2013-11-20 00:00:00', '', '2013-11-19 00:00:00', 0, 0, 1000.0000, 118, 98320, 146, 251, NULL);
INSERT INTO equipment_capability (id, description, end_time, reason, start_time, type, version, quantity_value, location, production_capability, quantity_unit, equipment, equipment_class) VALUES (98584, '', '2013-11-20 00:00:00', '', '2013-11-19 00:00:00', 0, 0, 2000.0000, 118, 98320, 146, 76, NULL);
INSERT INTO equipment_capability (id, description, end_time, reason, start_time, type, version, quantity_value, location, production_capability, quantity_unit, equipment, equipment_class) VALUES (98585, '', '2013-11-20 00:00:00', '', '2013-11-19 00:00:00', 0, 0, 2000.0000, 118, 98320, 146, 253, NULL);
INSERT INTO equipment_capability (id, description, end_time, reason, start_time, type, version, quantity_value, location, production_capability, quantity_unit, equipment, equipment_class) VALUES (98586, '', '2013-11-20 00:00:00', '', '2013-11-19 00:00:00', 0, 0, 1000.0000, 118, 98320, 146, 73, NULL);
INSERT INTO equipment_capability (id, description, end_time, reason, start_time, type, version, quantity_value, location, production_capability, quantity_unit, equipment, equipment_class) VALUES (98587, '', '2013-11-20 00:00:00', '', '2013-11-19 00:00:00', 0, 0, 2000.0000, 121, 98320, 146, 69, NULL);
INSERT INTO equipment_capability (id, description, end_time, reason, start_time, type, version, quantity_value, location, production_capability, quantity_unit, equipment, equipment_class) VALUES (98588, '', '2013-11-20 00:00:00', '', '2013-11-19 00:00:00', 0, 0, 1000.0000, 119, 98320, 146, 77, NULL);
INSERT INTO equipment_capability (id, description, end_time, reason, start_time, type, version, quantity_value, location, production_capability, quantity_unit, equipment, equipment_class) VALUES (98589, '', '2013-11-20 00:00:00', '', '2013-11-19 00:00:00', 0, 0, 1000.0000, 118, 98320, 146, 120, NULL);
INSERT INTO equipment_capability (id, description, end_time, reason, start_time, type, version, quantity_value, location, production_capability, quantity_unit, equipment, equipment_class) VALUES (98590, '', '2013-11-20 00:00:00', '', '2013-11-19 00:00:00', 0, 0, 2000.0000, 118, 98320, 146, 252, NULL);
INSERT INTO equipment_capability (id, description, end_time, reason, start_time, type, version, quantity_value, location, production_capability, quantity_unit, equipment, equipment_class) VALUES (98591, '', '2013-11-21 00:00:00', '', '2013-11-20 00:00:00', 0, 0, 1000.0000, 119, 98321, 146, 77, NULL);
INSERT INTO equipment_capability (id, description, end_time, reason, start_time, type, version, quantity_value, location, production_capability, quantity_unit, equipment, equipment_class) VALUES (98592, '', '2013-11-21 00:00:00', '', '2013-11-20 00:00:00', 0, 0, 2000.0000, 118, 98321, 146, 76, NULL);
INSERT INTO equipment_capability (id, description, end_time, reason, start_time, type, version, quantity_value, location, production_capability, quantity_unit, equipment, equipment_class) VALUES (98593, '', '2013-11-21 00:00:00', '', '2013-11-20 00:00:00', 0, 0, 750.0000, 118, 98321, 146, 72, NULL);
INSERT INTO equipment_capability (id, description, end_time, reason, start_time, type, version, quantity_value, location, production_capability, quantity_unit, equipment, equipment_class) VALUES (98594, '', '2013-11-21 00:00:00', '', '2013-11-20 00:00:00', 0, 0, 1000.0000, 118, 98321, 146, 250, NULL);
INSERT INTO equipment_capability (id, description, end_time, reason, start_time, type, version, quantity_value, location, production_capability, quantity_unit, equipment, equipment_class) VALUES (98595, '', '2013-11-21 00:00:00', '', '2013-11-20 00:00:00', 0, 0, 1000.0000, 118, 98321, 146, 73, NULL);
INSERT INTO equipment_capability (id, description, end_time, reason, start_time, type, version, quantity_value, location, production_capability, quantity_unit, equipment, equipment_class) VALUES (98596, '', '2013-11-21 00:00:00', '', '2013-11-20 00:00:00', 0, 0, 2000.0000, 118, 98321, 146, 75, NULL);
INSERT INTO equipment_capability (id, description, end_time, reason, start_time, type, version, quantity_value, location, production_capability, quantity_unit, equipment, equipment_class) VALUES (98597, '', '2013-11-21 00:00:00', '', '2013-11-20 00:00:00', 0, 0, 1000.0000, 118, 98321, 146, 74, NULL);
INSERT INTO equipment_capability (id, description, end_time, reason, start_time, type, version, quantity_value, location, production_capability, quantity_unit, equipment, equipment_class) VALUES (98598, '', '2013-11-21 00:00:00', '', '2013-11-20 00:00:00', 0, 0, 1000.0000, 118, 98321, 146, 120, NULL);
INSERT INTO equipment_capability (id, description, end_time, reason, start_time, type, version, quantity_value, location, production_capability, quantity_unit, equipment, equipment_class) VALUES (98599, '', '2013-11-21 00:00:00', '', '2013-11-20 00:00:00', 0, 0, 1000.0000, 118, 98321, 146, 251, NULL);
INSERT INTO equipment_capability (id, description, end_time, reason, start_time, type, version, quantity_value, location, production_capability, quantity_unit, equipment, equipment_class) VALUES (98600, '', '2013-11-21 00:00:00', '', '2013-11-20 00:00:00', 0, 0, 2000.0000, 118, 98321, 146, 252, NULL);
INSERT INTO equipment_capability (id, description, end_time, reason, start_time, type, version, quantity_value, location, production_capability, quantity_unit, equipment, equipment_class) VALUES (98601, '', '2013-11-21 00:00:00', '', '2013-11-20 00:00:00', 0, 0, 1000.0000, 118, 98321, 146, 249, NULL);
INSERT INTO equipment_capability (id, description, end_time, reason, start_time, type, version, quantity_value, location, production_capability, quantity_unit, equipment, equipment_class) VALUES (98602, '', '2013-11-21 00:00:00', '', '2013-11-20 00:00:00', 0, 0, 1000.0000, 119, 98321, 146, 254, NULL);
INSERT INTO equipment_capability (id, description, end_time, reason, start_time, type, version, quantity_value, location, production_capability, quantity_unit, equipment, equipment_class) VALUES (98603, '', '2013-11-21 00:00:00', '', '2013-11-20 00:00:00', 0, 0, 1000.0000, 118, 98321, 146, 246, NULL);
INSERT INTO equipment_capability (id, description, end_time, reason, start_time, type, version, quantity_value, location, production_capability, quantity_unit, equipment, equipment_class) VALUES (98604, '', '2013-11-21 00:00:00', '', '2013-11-20 00:00:00', 0, 0, 2000.0000, 118, 98321, 146, 253, NULL);
INSERT INTO equipment_capability (id, description, end_time, reason, start_time, type, version, quantity_value, location, production_capability, quantity_unit, equipment, equipment_class) VALUES (98605, '', '2013-11-21 00:00:00', '', '2013-11-20 00:00:00', 0, 0, 1000.0000, 121, 98321, 146, 248, NULL);
INSERT INTO equipment_capability (id, description, end_time, reason, start_time, type, version, quantity_value, location, production_capability, quantity_unit, equipment, equipment_class) VALUES (98606, '', '2013-11-21 00:00:00', '', '2013-11-20 00:00:00', 0, 0, 2000.0000, 121, 98321, 146, 69, NULL);
INSERT INTO equipment_capability (id, description, end_time, reason, start_time, type, version, quantity_value, location, production_capability, quantity_unit, equipment, equipment_class) VALUES (98607, '', '2013-11-22 00:00:00', '', '2013-11-21 00:00:00', 0, 0, 1000.0000, 118, 98322, 146, 251, NULL);
INSERT INTO equipment_capability (id, description, end_time, reason, start_time, type, version, quantity_value, location, production_capability, quantity_unit, equipment, equipment_class) VALUES (98608, '', '2013-11-22 00:00:00', '', '2013-11-21 00:00:00', 0, 0, 750.0000, 118, 98322, 146, 72, NULL);
INSERT INTO equipment_capability (id, description, end_time, reason, start_time, type, version, quantity_value, location, production_capability, quantity_unit, equipment, equipment_class) VALUES (98609, '', '2013-11-22 00:00:00', '', '2013-11-21 00:00:00', 0, 0, 1000.0000, 118, 98322, 146, 249, NULL);
INSERT INTO equipment_capability (id, description, end_time, reason, start_time, type, version, quantity_value, location, production_capability, quantity_unit, equipment, equipment_class) VALUES (98610, '', '2013-11-22 00:00:00', '', '2013-11-21 00:00:00', 0, 0, 1000.0000, 118, 98322, 146, 73, NULL);
INSERT INTO equipment_capability (id, description, end_time, reason, start_time, type, version, quantity_value, location, production_capability, quantity_unit, equipment, equipment_class) VALUES (98611, '', '2013-11-22 00:00:00', '', '2013-11-21 00:00:00', 0, 0, 2000.0000, 118, 98322, 146, 75, NULL);
INSERT INTO equipment_capability (id, description, end_time, reason, start_time, type, version, quantity_value, location, production_capability, quantity_unit, equipment, equipment_class) VALUES (98612, '', '2013-11-22 00:00:00', '', '2013-11-21 00:00:00', 0, 0, 1000.0000, 119, 98322, 146, 254, NULL);
INSERT INTO equipment_capability (id, description, end_time, reason, start_time, type, version, quantity_value, location, production_capability, quantity_unit, equipment, equipment_class) VALUES (98613, '', '2013-11-22 00:00:00', '', '2013-11-21 00:00:00', 0, 0, 1000.0000, 118, 98322, 146, 246, NULL);
INSERT INTO equipment_capability (id, description, end_time, reason, start_time, type, version, quantity_value, location, production_capability, quantity_unit, equipment, equipment_class) VALUES (98614, '', '2013-11-22 00:00:00', '', '2013-11-21 00:00:00', 0, 0, 2000.0000, 118, 98322, 146, 252, NULL);
INSERT INTO equipment_capability (id, description, end_time, reason, start_time, type, version, quantity_value, location, production_capability, quantity_unit, equipment, equipment_class) VALUES (98615, '', '2013-11-22 00:00:00', '', '2013-11-21 00:00:00', 0, 0, 2000.0000, 121, 98322, 146, 69, NULL);
INSERT INTO equipment_capability (id, description, end_time, reason, start_time, type, version, quantity_value, location, production_capability, quantity_unit, equipment, equipment_class) VALUES (98616, '', '2013-11-22 00:00:00', '', '2013-11-21 00:00:00', 0, 0, 1000.0000, 118, 98322, 146, 250, NULL);
INSERT INTO equipment_capability (id, description, end_time, reason, start_time, type, version, quantity_value, location, production_capability, quantity_unit, equipment, equipment_class) VALUES (98617, '', '2013-11-22 00:00:00', '', '2013-11-21 00:00:00', 0, 0, 1000.0000, 118, 98322, 146, 120, NULL);
INSERT INTO equipment_capability (id, description, end_time, reason, start_time, type, version, quantity_value, location, production_capability, quantity_unit, equipment, equipment_class) VALUES (98618, '', '2013-11-22 00:00:00', '', '2013-11-21 00:00:00', 0, 0, 1000.0000, 119, 98322, 146, 77, NULL);
INSERT INTO equipment_capability (id, description, end_time, reason, start_time, type, version, quantity_value, location, production_capability, quantity_unit, equipment, equipment_class) VALUES (98619, '', '2013-11-22 00:00:00', '', '2013-11-21 00:00:00', 0, 0, 2000.0000, 118, 98322, 146, 253, NULL);
INSERT INTO equipment_capability (id, description, end_time, reason, start_time, type, version, quantity_value, location, production_capability, quantity_unit, equipment, equipment_class) VALUES (98620, '', '2013-11-22 00:00:00', '', '2013-11-21 00:00:00', 0, 0, 1000.0000, 118, 98322, 146, 74, NULL);
INSERT INTO equipment_capability (id, description, end_time, reason, start_time, type, version, quantity_value, location, production_capability, quantity_unit, equipment, equipment_class) VALUES (98621, '', '2013-11-22 00:00:00', '', '2013-11-21 00:00:00', 0, 0, 1000.0000, 121, 98322, 146, 248, NULL);
INSERT INTO equipment_capability (id, description, end_time, reason, start_time, type, version, quantity_value, location, production_capability, quantity_unit, equipment, equipment_class) VALUES (98622, '', '2013-11-22 00:00:00', '', '2013-11-21 00:00:00', 0, 0, 2000.0000, 118, 98322, 146, 76, NULL);
INSERT INTO equipment_capability (id, description, end_time, reason, start_time, type, version, quantity_value, location, production_capability, quantity_unit, equipment, equipment_class) VALUES (98623, '', '2013-11-23 00:00:00', '', '2013-11-22 00:00:00', 0, 0, 1000.0000, 118, 98323, 146, 251, NULL);
INSERT INTO equipment_capability (id, description, end_time, reason, start_time, type, version, quantity_value, location, production_capability, quantity_unit, equipment, equipment_class) VALUES (98624, '', '2013-11-23 00:00:00', '', '2013-11-22 00:00:00', 0, 0, 2000.0000, 121, 98323, 146, 69, NULL);
INSERT INTO equipment_capability (id, description, end_time, reason, start_time, type, version, quantity_value, location, production_capability, quantity_unit, equipment, equipment_class) VALUES (98625, '', '2013-11-23 00:00:00', '', '2013-11-22 00:00:00', 0, 0, 1000.0000, 119, 98323, 146, 254, NULL);
INSERT INTO equipment_capability (id, description, end_time, reason, start_time, type, version, quantity_value, location, production_capability, quantity_unit, equipment, equipment_class) VALUES (98626, '', '2013-11-23 00:00:00', '', '2013-11-22 00:00:00', 0, 0, 750.0000, 118, 98323, 146, 72, NULL);
INSERT INTO equipment_capability (id, description, end_time, reason, start_time, type, version, quantity_value, location, production_capability, quantity_unit, equipment, equipment_class) VALUES (98627, '', '2013-11-23 00:00:00', '', '2013-11-22 00:00:00', 0, 0, 1000.0000, 118, 98323, 146, 73, NULL);
INSERT INTO equipment_capability (id, description, end_time, reason, start_time, type, version, quantity_value, location, production_capability, quantity_unit, equipment, equipment_class) VALUES (98628, '', '2013-11-23 00:00:00', '', '2013-11-22 00:00:00', 0, 0, 2000.0000, 118, 98323, 146, 75, NULL);
INSERT INTO equipment_capability (id, description, end_time, reason, start_time, type, version, quantity_value, location, production_capability, quantity_unit, equipment, equipment_class) VALUES (98629, '', '2013-11-23 00:00:00', '', '2013-11-22 00:00:00', 0, 0, 1000.0000, 118, 98323, 146, 250, NULL);
INSERT INTO equipment_capability (id, description, end_time, reason, start_time, type, version, quantity_value, location, production_capability, quantity_unit, equipment, equipment_class) VALUES (98630, '', '2013-11-23 00:00:00', '', '2013-11-22 00:00:00', 0, 0, 2000.0000, 118, 98323, 146, 253, NULL);
INSERT INTO equipment_capability (id, description, end_time, reason, start_time, type, version, quantity_value, location, production_capability, quantity_unit, equipment, equipment_class) VALUES (98631, '', '2013-11-23 00:00:00', '', '2013-11-22 00:00:00', 0, 0, 2000.0000, 118, 98323, 146, 76, NULL);
INSERT INTO equipment_capability (id, description, end_time, reason, start_time, type, version, quantity_value, location, production_capability, quantity_unit, equipment, equipment_class) VALUES (98632, '', '2013-11-23 00:00:00', '', '2013-11-22 00:00:00', 0, 0, 1000.0000, 118, 98323, 146, 246, NULL);
INSERT INTO equipment_capability (id, description, end_time, reason, start_time, type, version, quantity_value, location, production_capability, quantity_unit, equipment, equipment_class) VALUES (98633, '', '2013-11-23 00:00:00', '', '2013-11-22 00:00:00', 0, 0, 1000.0000, 118, 98323, 146, 120, NULL);
INSERT INTO equipment_capability (id, description, end_time, reason, start_time, type, version, quantity_value, location, production_capability, quantity_unit, equipment, equipment_class) VALUES (98634, '', '2013-11-23 00:00:00', '', '2013-11-22 00:00:00', 0, 0, 1000.0000, 118, 98323, 146, 74, NULL);
INSERT INTO equipment_capability (id, description, end_time, reason, start_time, type, version, quantity_value, location, production_capability, quantity_unit, equipment, equipment_class) VALUES (98635, '', '2013-11-23 00:00:00', '', '2013-11-22 00:00:00', 0, 0, 1000.0000, 119, 98323, 146, 77, NULL);
INSERT INTO equipment_capability (id, description, end_time, reason, start_time, type, version, quantity_value, location, production_capability, quantity_unit, equipment, equipment_class) VALUES (98636, '', '2013-11-23 00:00:00', '', '2013-11-22 00:00:00', 0, 0, 1000.0000, 118, 98323, 146, 249, NULL);
INSERT INTO equipment_capability (id, description, end_time, reason, start_time, type, version, quantity_value, location, production_capability, quantity_unit, equipment, equipment_class) VALUES (98637, '', '2013-11-23 00:00:00', '', '2013-11-22 00:00:00', 0, 0, 2000.0000, 118, 98323, 146, 252, NULL);
INSERT INTO equipment_capability (id, description, end_time, reason, start_time, type, version, quantity_value, location, production_capability, quantity_unit, equipment, equipment_class) VALUES (98638, '', '2013-11-23 00:00:00', '', '2013-11-22 00:00:00', 0, 0, 1000.0000, 121, 98323, 146, 248, NULL);
INSERT INTO equipment_capability (id, description, end_time, reason, start_time, type, version, quantity_value, location, production_capability, quantity_unit, equipment, equipment_class) VALUES (98639, '', '2013-11-26 00:00:00', '', '2013-11-25 00:00:00', 0, 0, 1000.0000, 118, 98324, 146, 74, NULL);
INSERT INTO equipment_capability (id, description, end_time, reason, start_time, type, version, quantity_value, location, production_capability, quantity_unit, equipment, equipment_class) VALUES (98640, '', '2013-11-26 00:00:00', '', '2013-11-25 00:00:00', 0, 0, 2000.0000, 118, 98324, 146, 75, NULL);
INSERT INTO equipment_capability (id, description, end_time, reason, start_time, type, version, quantity_value, location, production_capability, quantity_unit, equipment, equipment_class) VALUES (98641, '', '2013-11-26 00:00:00', '', '2013-11-25 00:00:00', 0, 0, 2000.0000, 118, 98324, 146, 76, NULL);
INSERT INTO equipment_capability (id, description, end_time, reason, start_time, type, version, quantity_value, location, production_capability, quantity_unit, equipment, equipment_class) VALUES (98642, '', '2013-11-26 00:00:00', '', '2013-11-25 00:00:00', 0, 0, 1000.0000, 121, 98324, 146, 248, NULL);
INSERT INTO equipment_capability (id, description, end_time, reason, start_time, type, version, quantity_value, location, production_capability, quantity_unit, equipment, equipment_class) VALUES (98643, '', '2013-11-26 00:00:00', '', '2013-11-25 00:00:00', 0, 0, 1000.0000, 118, 98324, 146, 250, NULL);
INSERT INTO equipment_capability (id, description, end_time, reason, start_time, type, version, quantity_value, location, production_capability, quantity_unit, equipment, equipment_class) VALUES (98644, '', '2013-11-26 00:00:00', '', '2013-11-25 00:00:00', 0, 0, 1000.0000, 118, 98324, 146, 120, NULL);
INSERT INTO equipment_capability (id, description, end_time, reason, start_time, type, version, quantity_value, location, production_capability, quantity_unit, equipment, equipment_class) VALUES (98645, '', '2013-11-26 00:00:00', '', '2013-11-25 00:00:00', 0, 0, 1000.0000, 118, 98324, 146, 246, NULL);
INSERT INTO equipment_capability (id, description, end_time, reason, start_time, type, version, quantity_value, location, production_capability, quantity_unit, equipment, equipment_class) VALUES (98646, '', '2013-11-26 00:00:00', '', '2013-11-25 00:00:00', 0, 0, 2000.0000, 118, 98324, 146, 253, NULL);
INSERT INTO equipment_capability (id, description, end_time, reason, start_time, type, version, quantity_value, location, production_capability, quantity_unit, equipment, equipment_class) VALUES (98647, '', '2013-11-26 00:00:00', '', '2013-11-25 00:00:00', 0, 0, 750.0000, 118, 98324, 146, 72, NULL);
INSERT INTO equipment_capability (id, description, end_time, reason, start_time, type, version, quantity_value, location, production_capability, quantity_unit, equipment, equipment_class) VALUES (98648, '', '2013-11-26 00:00:00', '', '2013-11-25 00:00:00', 0, 0, 1000.0000, 118, 98324, 146, 251, NULL);
INSERT INTO equipment_capability (id, description, end_time, reason, start_time, type, version, quantity_value, location, production_capability, quantity_unit, equipment, equipment_class) VALUES (98649, '', '2013-11-26 00:00:00', '', '2013-11-25 00:00:00', 0, 0, 1000.0000, 119, 98324, 146, 254, NULL);
INSERT INTO equipment_capability (id, description, end_time, reason, start_time, type, version, quantity_value, location, production_capability, quantity_unit, equipment, equipment_class) VALUES (98650, '', '2013-11-26 00:00:00', '', '2013-11-25 00:00:00', 0, 0, 2000.0000, 118, 98324, 146, 252, NULL);
INSERT INTO equipment_capability (id, description, end_time, reason, start_time, type, version, quantity_value, location, production_capability, quantity_unit, equipment, equipment_class) VALUES (98651, '', '2013-11-26 00:00:00', '', '2013-11-25 00:00:00', 0, 0, 1000.0000, 118, 98324, 146, 249, NULL);
INSERT INTO equipment_capability (id, description, end_time, reason, start_time, type, version, quantity_value, location, production_capability, quantity_unit, equipment, equipment_class) VALUES (98652, '', '2013-11-26 00:00:00', '', '2013-11-25 00:00:00', 0, 0, 1000.0000, 119, 98324, 146, 77, NULL);
INSERT INTO equipment_capability (id, description, end_time, reason, start_time, type, version, quantity_value, location, production_capability, quantity_unit, equipment, equipment_class) VALUES (98653, '', '2013-11-26 00:00:00', '', '2013-11-25 00:00:00', 0, 0, 2000.0000, 121, 98324, 146, 69, NULL);
INSERT INTO equipment_capability (id, description, end_time, reason, start_time, type, version, quantity_value, location, production_capability, quantity_unit, equipment, equipment_class) VALUES (98654, '', '2013-11-26 00:00:00', '', '2013-11-25 00:00:00', 0, 0, 1000.0000, 118, 98324, 146, 73, NULL);
INSERT INTO equipment_capability (id, description, end_time, reason, start_time, type, version, quantity_value, location, production_capability, quantity_unit, equipment, equipment_class) VALUES (98655, '', '2013-11-27 00:00:00', '', '2013-11-26 00:00:00', 0, 0, 1000.0000, 118, 98325, 146, 73, NULL);
INSERT INTO equipment_capability (id, description, end_time, reason, start_time, type, version, quantity_value, location, production_capability, quantity_unit, equipment, equipment_class) VALUES (98656, '', '2013-11-27 00:00:00', '', '2013-11-26 00:00:00', 0, 0, 2000.0000, 121, 98325, 146, 69, NULL);
INSERT INTO equipment_capability (id, description, end_time, reason, start_time, type, version, quantity_value, location, production_capability, quantity_unit, equipment, equipment_class) VALUES (98657, '', '2013-11-27 00:00:00', '', '2013-11-26 00:00:00', 0, 0, 2000.0000, 118, 98325, 146, 75, NULL);
INSERT INTO equipment_capability (id, description, end_time, reason, start_time, type, version, quantity_value, location, production_capability, quantity_unit, equipment, equipment_class) VALUES (98658, '', '2013-11-27 00:00:00', '', '2013-11-26 00:00:00', 0, 0, 1000.0000, 119, 98325, 146, 77, NULL);
INSERT INTO equipment_capability (id, description, end_time, reason, start_time, type, version, quantity_value, location, production_capability, quantity_unit, equipment, equipment_class) VALUES (98659, '', '2013-11-27 00:00:00', '', '2013-11-26 00:00:00', 0, 0, 1000.0000, 118, 98325, 146, 249, NULL);
INSERT INTO equipment_capability (id, description, end_time, reason, start_time, type, version, quantity_value, location, production_capability, quantity_unit, equipment, equipment_class) VALUES (98660, '', '2013-11-27 00:00:00', '', '2013-11-26 00:00:00', 0, 0, 2000.0000, 118, 98325, 146, 252, NULL);
INSERT INTO equipment_capability (id, description, end_time, reason, start_time, type, version, quantity_value, location, production_capability, quantity_unit, equipment, equipment_class) VALUES (98661, '', '2013-11-27 00:00:00', '', '2013-11-26 00:00:00', 0, 0, 750.0000, 118, 98325, 146, 72, NULL);
INSERT INTO equipment_capability (id, description, end_time, reason, start_time, type, version, quantity_value, location, production_capability, quantity_unit, equipment, equipment_class) VALUES (98662, '', '2013-11-27 00:00:00', '', '2013-11-26 00:00:00', 0, 0, 1000.0000, 118, 98325, 146, 120, NULL);
INSERT INTO equipment_capability (id, description, end_time, reason, start_time, type, version, quantity_value, location, production_capability, quantity_unit, equipment, equipment_class) VALUES (98663, '', '2013-11-27 00:00:00', '', '2013-11-26 00:00:00', 0, 0, 1000.0000, 118, 98325, 146, 251, NULL);
INSERT INTO equipment_capability (id, description, end_time, reason, start_time, type, version, quantity_value, location, production_capability, quantity_unit, equipment, equipment_class) VALUES (98664, '', '2013-11-27 00:00:00', '', '2013-11-26 00:00:00', 0, 0, 2000.0000, 118, 98325, 146, 253, NULL);
INSERT INTO equipment_capability (id, description, end_time, reason, start_time, type, version, quantity_value, location, production_capability, quantity_unit, equipment, equipment_class) VALUES (98665, '', '2013-11-27 00:00:00', '', '2013-11-26 00:00:00', 0, 0, 1000.0000, 118, 98325, 146, 250, NULL);
INSERT INTO equipment_capability (id, description, end_time, reason, start_time, type, version, quantity_value, location, production_capability, quantity_unit, equipment, equipment_class) VALUES (98666, '', '2013-11-27 00:00:00', '', '2013-11-26 00:00:00', 0, 0, 1000.0000, 118, 98325, 146, 246, NULL);
INSERT INTO equipment_capability (id, description, end_time, reason, start_time, type, version, quantity_value, location, production_capability, quantity_unit, equipment, equipment_class) VALUES (98667, '', '2013-11-27 00:00:00', '', '2013-11-26 00:00:00', 0, 0, 1000.0000, 119, 98325, 146, 254, NULL);
INSERT INTO equipment_capability (id, description, end_time, reason, start_time, type, version, quantity_value, location, production_capability, quantity_unit, equipment, equipment_class) VALUES (98668, '', '2013-11-27 00:00:00', '', '2013-11-26 00:00:00', 0, 0, 1000.0000, 121, 98325, 146, 248, NULL);
INSERT INTO equipment_capability (id, description, end_time, reason, start_time, type, version, quantity_value, location, production_capability, quantity_unit, equipment, equipment_class) VALUES (98669, '', '2013-11-27 00:00:00', '', '2013-11-26 00:00:00', 0, 0, 2000.0000, 118, 98325, 146, 76, NULL);
INSERT INTO equipment_capability (id, description, end_time, reason, start_time, type, version, quantity_value, location, production_capability, quantity_unit, equipment, equipment_class) VALUES (98670, '', '2013-11-27 00:00:00', '', '2013-11-26 00:00:00', 0, 0, 1000.0000, 118, 98325, 146, 74, NULL);
INSERT INTO equipment_capability (id, description, end_time, reason, start_time, type, version, quantity_value, location, production_capability, quantity_unit, equipment, equipment_class) VALUES (98671, '', '2013-11-28 00:00:00', '', '2013-11-27 00:00:00', 0, 0, 1000.0000, 118, 98326, 146, 251, NULL);
INSERT INTO equipment_capability (id, description, end_time, reason, start_time, type, version, quantity_value, location, production_capability, quantity_unit, equipment, equipment_class) VALUES (98672, '', '2013-11-28 00:00:00', '', '2013-11-27 00:00:00', 0, 0, 1000.0000, 118, 98326, 146, 250, NULL);
INSERT INTO equipment_capability (id, description, end_time, reason, start_time, type, version, quantity_value, location, production_capability, quantity_unit, equipment, equipment_class) VALUES (98673, '', '2013-11-28 00:00:00', '', '2013-11-27 00:00:00', 0, 0, 2000.0000, 118, 98326, 146, 253, NULL);
INSERT INTO equipment_capability (id, description, end_time, reason, start_time, type, version, quantity_value, location, production_capability, quantity_unit, equipment, equipment_class) VALUES (98674, '', '2013-11-28 00:00:00', '', '2013-11-27 00:00:00', 0, 0, 1000.0000, 118, 98326, 146, 74, NULL);
INSERT INTO equipment_capability (id, description, end_time, reason, start_time, type, version, quantity_value, location, production_capability, quantity_unit, equipment, equipment_class) VALUES (98675, '', '2013-11-28 00:00:00', '', '2013-11-27 00:00:00', 0, 0, 1000.0000, 118, 98326, 146, 120, NULL);
INSERT INTO equipment_capability (id, description, end_time, reason, start_time, type, version, quantity_value, location, production_capability, quantity_unit, equipment, equipment_class) VALUES (98676, '', '2013-11-28 00:00:00', '', '2013-11-27 00:00:00', 0, 0, 1000.0000, 121, 98326, 146, 248, NULL);
INSERT INTO equipment_capability (id, description, end_time, reason, start_time, type, version, quantity_value, location, production_capability, quantity_unit, equipment, equipment_class) VALUES (98677, '', '2013-11-28 00:00:00', '', '2013-11-27 00:00:00', 0, 0, 2000.0000, 118, 98326, 146, 76, NULL);
INSERT INTO equipment_capability (id, description, end_time, reason, start_time, type, version, quantity_value, location, production_capability, quantity_unit, equipment, equipment_class) VALUES (98678, '', '2013-11-28 00:00:00', '', '2013-11-27 00:00:00', 0, 0, 1000.0000, 118, 98326, 146, 73, NULL);
INSERT INTO equipment_capability (id, description, end_time, reason, start_time, type, version, quantity_value, location, production_capability, quantity_unit, equipment, equipment_class) VALUES (98679, '', '2013-11-28 00:00:00', '', '2013-11-27 00:00:00', 0, 0, 1000.0000, 118, 98326, 146, 249, NULL);
INSERT INTO equipment_capability (id, description, end_time, reason, start_time, type, version, quantity_value, location, production_capability, quantity_unit, equipment, equipment_class) VALUES (98680, '', '2013-11-28 00:00:00', '', '2013-11-27 00:00:00', 0, 0, 1000.0000, 118, 98326, 146, 246, NULL);
INSERT INTO equipment_capability (id, description, end_time, reason, start_time, type, version, quantity_value, location, production_capability, quantity_unit, equipment, equipment_class) VALUES (98681, '', '2013-11-28 00:00:00', '', '2013-11-27 00:00:00', 0, 0, 750.0000, 118, 98326, 146, 72, NULL);
INSERT INTO equipment_capability (id, description, end_time, reason, start_time, type, version, quantity_value, location, production_capability, quantity_unit, equipment, equipment_class) VALUES (98682, '', '2013-11-28 00:00:00', '', '2013-11-27 00:00:00', 0, 0, 1000.0000, 119, 98326, 146, 254, NULL);
INSERT INTO equipment_capability (id, description, end_time, reason, start_time, type, version, quantity_value, location, production_capability, quantity_unit, equipment, equipment_class) VALUES (98683, '', '2013-11-28 00:00:00', '', '2013-11-27 00:00:00', 0, 0, 1000.0000, 119, 98326, 146, 77, NULL);
INSERT INTO equipment_capability (id, description, end_time, reason, start_time, type, version, quantity_value, location, production_capability, quantity_unit, equipment, equipment_class) VALUES (98684, '', '2013-11-28 00:00:00', '', '2013-11-27 00:00:00', 0, 0, 2000.0000, 121, 98326, 146, 69, NULL);
INSERT INTO equipment_capability (id, description, end_time, reason, start_time, type, version, quantity_value, location, production_capability, quantity_unit, equipment, equipment_class) VALUES (98685, '', '2013-11-28 00:00:00', '', '2013-11-27 00:00:00', 0, 0, 2000.0000, 118, 98326, 146, 252, NULL);
INSERT INTO equipment_capability (id, description, end_time, reason, start_time, type, version, quantity_value, location, production_capability, quantity_unit, equipment, equipment_class) VALUES (98686, '', '2013-11-28 00:00:00', '', '2013-11-27 00:00:00', 0, 0, 2000.0000, 118, 98326, 146, 75, NULL);
INSERT INTO equipment_capability (id, description, end_time, reason, start_time, type, version, quantity_value, location, production_capability, quantity_unit, equipment, equipment_class) VALUES (98687, '', '2013-11-29 00:00:00', '', '2013-11-28 00:00:00', 0, 0, 2000.0000, 118, 98327, 146, 76, NULL);
INSERT INTO equipment_capability (id, description, end_time, reason, start_time, type, version, quantity_value, location, production_capability, quantity_unit, equipment, equipment_class) VALUES (98688, '', '2013-11-29 00:00:00', '', '2013-11-28 00:00:00', 0, 0, 2000.0000, 118, 98327, 146, 75, NULL);
INSERT INTO equipment_capability (id, description, end_time, reason, start_time, type, version, quantity_value, location, production_capability, quantity_unit, equipment, equipment_class) VALUES (98689, '', '2013-11-29 00:00:00', '', '2013-11-28 00:00:00', 0, 0, 1000.0000, 118, 98327, 146, 73, NULL);
INSERT INTO equipment_capability (id, description, end_time, reason, start_time, type, version, quantity_value, location, production_capability, quantity_unit, equipment, equipment_class) VALUES (98690, '', '2013-11-29 00:00:00', '', '2013-11-28 00:00:00', 0, 0, 750.0000, 118, 98327, 146, 72, NULL);
INSERT INTO equipment_capability (id, description, end_time, reason, start_time, type, version, quantity_value, location, production_capability, quantity_unit, equipment, equipment_class) VALUES (98691, '', '2013-11-29 00:00:00', '', '2013-11-28 00:00:00', 0, 0, 1000.0000, 118, 98327, 146, 120, NULL);
INSERT INTO equipment_capability (id, description, end_time, reason, start_time, type, version, quantity_value, location, production_capability, quantity_unit, equipment, equipment_class) VALUES (98692, '', '2013-11-29 00:00:00', '', '2013-11-28 00:00:00', 0, 0, 1000.0000, 119, 98327, 146, 77, NULL);
INSERT INTO equipment_capability (id, description, end_time, reason, start_time, type, version, quantity_value, location, production_capability, quantity_unit, equipment, equipment_class) VALUES (98693, '', '2013-11-29 00:00:00', '', '2013-11-28 00:00:00', 0, 0, 1000.0000, 118, 98327, 146, 246, NULL);
INSERT INTO equipment_capability (id, description, end_time, reason, start_time, type, version, quantity_value, location, production_capability, quantity_unit, equipment, equipment_class) VALUES (98694, '', '2013-11-29 00:00:00', '', '2013-11-28 00:00:00', 0, 0, 2000.0000, 118, 98327, 146, 252, NULL);
INSERT INTO equipment_capability (id, description, end_time, reason, start_time, type, version, quantity_value, location, production_capability, quantity_unit, equipment, equipment_class) VALUES (98695, '', '2013-11-29 00:00:00', '', '2013-11-28 00:00:00', 0, 0, 1000.0000, 118, 98327, 146, 251, NULL);
INSERT INTO equipment_capability (id, description, end_time, reason, start_time, type, version, quantity_value, location, production_capability, quantity_unit, equipment, equipment_class) VALUES (98696, '', '2013-11-29 00:00:00', '', '2013-11-28 00:00:00', 0, 0, 1000.0000, 118, 98327, 146, 250, NULL);
INSERT INTO equipment_capability (id, description, end_time, reason, start_time, type, version, quantity_value, location, production_capability, quantity_unit, equipment, equipment_class) VALUES (98697, '', '2013-11-29 00:00:00', '', '2013-11-28 00:00:00', 0, 0, 1000.0000, 121, 98327, 146, 248, NULL);
INSERT INTO equipment_capability (id, description, end_time, reason, start_time, type, version, quantity_value, location, production_capability, quantity_unit, equipment, equipment_class) VALUES (98698, '', '2013-11-29 00:00:00', '', '2013-11-28 00:00:00', 0, 0, 1000.0000, 118, 98327, 146, 249, NULL);
INSERT INTO equipment_capability (id, description, end_time, reason, start_time, type, version, quantity_value, location, production_capability, quantity_unit, equipment, equipment_class) VALUES (98699, '', '2013-11-29 00:00:00', '', '2013-11-28 00:00:00', 0, 0, 1000.0000, 118, 98327, 146, 74, NULL);
INSERT INTO equipment_capability (id, description, end_time, reason, start_time, type, version, quantity_value, location, production_capability, quantity_unit, equipment, equipment_class) VALUES (98700, '', '2013-11-29 00:00:00', '', '2013-11-28 00:00:00', 0, 0, 1000.0000, 119, 98327, 146, 254, NULL);
INSERT INTO equipment_capability (id, description, end_time, reason, start_time, type, version, quantity_value, location, production_capability, quantity_unit, equipment, equipment_class) VALUES (98701, '', '2013-11-29 00:00:00', '', '2013-11-28 00:00:00', 0, 0, 2000.0000, 121, 98327, 146, 69, NULL);
INSERT INTO equipment_capability (id, description, end_time, reason, start_time, type, version, quantity_value, location, production_capability, quantity_unit, equipment, equipment_class) VALUES (98702, '', '2013-11-29 00:00:00', '', '2013-11-28 00:00:00', 0, 0, 2000.0000, 118, 98327, 146, 253, NULL);
INSERT INTO equipment_capability (id, description, end_time, reason, start_time, type, version, quantity_value, location, production_capability, quantity_unit, equipment, equipment_class) VALUES (98703, '', '2013-11-30 00:00:00', '', '2013-11-29 00:00:00', 0, 0, 2000.0000, 118, 98328, 146, 76, NULL);
INSERT INTO equipment_capability (id, description, end_time, reason, start_time, type, version, quantity_value, location, production_capability, quantity_unit, equipment, equipment_class) VALUES (98704, '', '2013-11-30 00:00:00', '', '2013-11-29 00:00:00', 0, 0, 1000.0000, 121, 98328, 146, 248, NULL);
INSERT INTO equipment_capability (id, description, end_time, reason, start_time, type, version, quantity_value, location, production_capability, quantity_unit, equipment, equipment_class) VALUES (98705, '', '2013-11-30 00:00:00', '', '2013-11-29 00:00:00', 0, 0, 2000.0000, 118, 98328, 146, 253, NULL);
INSERT INTO equipment_capability (id, description, end_time, reason, start_time, type, version, quantity_value, location, production_capability, quantity_unit, equipment, equipment_class) VALUES (98706, '', '2013-11-30 00:00:00', '', '2013-11-29 00:00:00', 0, 0, 1000.0000, 118, 98328, 146, 73, NULL);
INSERT INTO equipment_capability (id, description, end_time, reason, start_time, type, version, quantity_value, location, production_capability, quantity_unit, equipment, equipment_class) VALUES (98707, '', '2013-11-30 00:00:00', '', '2013-11-29 00:00:00', 0, 0, 2000.0000, 121, 98328, 146, 69, NULL);
INSERT INTO equipment_capability (id, description, end_time, reason, start_time, type, version, quantity_value, location, production_capability, quantity_unit, equipment, equipment_class) VALUES (98708, '', '2013-11-30 00:00:00', '', '2013-11-29 00:00:00', 0, 0, 1000.0000, 119, 98328, 146, 77, NULL);
INSERT INTO equipment_capability (id, description, end_time, reason, start_time, type, version, quantity_value, location, production_capability, quantity_unit, equipment, equipment_class) VALUES (98709, '', '2013-11-30 00:00:00', '', '2013-11-29 00:00:00', 0, 0, 1000.0000, 118, 98328, 146, 249, NULL);
INSERT INTO equipment_capability (id, description, end_time, reason, start_time, type, version, quantity_value, location, production_capability, quantity_unit, equipment, equipment_class) VALUES (98710, '', '2013-11-30 00:00:00', '', '2013-11-29 00:00:00', 0, 0, 1000.0000, 118, 98328, 146, 250, NULL);
INSERT INTO equipment_capability (id, description, end_time, reason, start_time, type, version, quantity_value, location, production_capability, quantity_unit, equipment, equipment_class) VALUES (98711, '', '2013-11-30 00:00:00', '', '2013-11-29 00:00:00', 0, 0, 1000.0000, 118, 98328, 146, 120, NULL);
INSERT INTO equipment_capability (id, description, end_time, reason, start_time, type, version, quantity_value, location, production_capability, quantity_unit, equipment, equipment_class) VALUES (98712, '', '2013-11-30 00:00:00', '', '2013-11-29 00:00:00', 0, 0, 2000.0000, 118, 98328, 146, 75, NULL);
INSERT INTO equipment_capability (id, description, end_time, reason, start_time, type, version, quantity_value, location, production_capability, quantity_unit, equipment, equipment_class) VALUES (98713, '', '2013-11-30 00:00:00', '', '2013-11-29 00:00:00', 0, 0, 1000.0000, 118, 98328, 146, 246, NULL);
INSERT INTO equipment_capability (id, description, end_time, reason, start_time, type, version, quantity_value, location, production_capability, quantity_unit, equipment, equipment_class) VALUES (98714, '', '2013-11-30 00:00:00', '', '2013-11-29 00:00:00', 0, 0, 1000.0000, 118, 98328, 146, 74, NULL);
INSERT INTO equipment_capability (id, description, end_time, reason, start_time, type, version, quantity_value, location, production_capability, quantity_unit, equipment, equipment_class) VALUES (98715, '', '2013-11-30 00:00:00', '', '2013-11-29 00:00:00', 0, 0, 1000.0000, 119, 98328, 146, 254, NULL);
INSERT INTO equipment_capability (id, description, end_time, reason, start_time, type, version, quantity_value, location, production_capability, quantity_unit, equipment, equipment_class) VALUES (98716, '', '2013-11-30 00:00:00', '', '2013-11-29 00:00:00', 0, 0, 1000.0000, 118, 98328, 146, 251, NULL);
INSERT INTO equipment_capability (id, description, end_time, reason, start_time, type, version, quantity_value, location, production_capability, quantity_unit, equipment, equipment_class) VALUES (98717, '', '2013-11-30 00:00:00', '', '2013-11-29 00:00:00', 0, 0, 750.0000, 118, 98328, 146, 72, NULL);
INSERT INTO equipment_capability (id, description, end_time, reason, start_time, type, version, quantity_value, location, production_capability, quantity_unit, equipment, equipment_class) VALUES (98718, '', '2013-11-30 00:00:00', '', '2013-11-29 00:00:00', 0, 0, 2000.0000, 118, 98328, 146, 252, NULL);
INSERT INTO equipment_capability (id, description, end_time, reason, start_time, type, version, quantity_value, location, production_capability, quantity_unit, equipment, equipment_class) VALUES (98719, '', '2013-12-03 00:00:00', '', '2013-12-02 00:00:00', 0, 0, 750.0000, 118, 98329, 146, 72, NULL);
INSERT INTO equipment_capability (id, description, end_time, reason, start_time, type, version, quantity_value, location, production_capability, quantity_unit, equipment, equipment_class) VALUES (98720, '', '2013-12-03 00:00:00', '', '2013-12-02 00:00:00', 0, 0, 2000.0000, 118, 98329, 146, 253, NULL);
INSERT INTO equipment_capability (id, description, end_time, reason, start_time, type, version, quantity_value, location, production_capability, quantity_unit, equipment, equipment_class) VALUES (98721, '', '2013-12-03 00:00:00', '', '2013-12-02 00:00:00', 0, 0, 2000.0000, 118, 98329, 146, 252, NULL);
INSERT INTO equipment_capability (id, description, end_time, reason, start_time, type, version, quantity_value, location, production_capability, quantity_unit, equipment, equipment_class) VALUES (98722, '', '2013-12-03 00:00:00', '', '2013-12-02 00:00:00', 0, 0, 2000.0000, 118, 98329, 146, 76, NULL);
INSERT INTO equipment_capability (id, description, end_time, reason, start_time, type, version, quantity_value, location, production_capability, quantity_unit, equipment, equipment_class) VALUES (98723, '', '2013-12-03 00:00:00', '', '2013-12-02 00:00:00', 0, 0, 1000.0000, 118, 98329, 146, 251, NULL);
INSERT INTO equipment_capability (id, description, end_time, reason, start_time, type, version, quantity_value, location, production_capability, quantity_unit, equipment, equipment_class) VALUES (98724, '', '2013-12-03 00:00:00', '', '2013-12-02 00:00:00', 0, 0, 2000.0000, 121, 98329, 146, 69, NULL);
INSERT INTO equipment_capability (id, description, end_time, reason, start_time, type, version, quantity_value, location, production_capability, quantity_unit, equipment, equipment_class) VALUES (98725, '', '2013-12-03 00:00:00', '', '2013-12-02 00:00:00', 0, 0, 1000.0000, 118, 98329, 146, 246, NULL);
INSERT INTO equipment_capability (id, description, end_time, reason, start_time, type, version, quantity_value, location, production_capability, quantity_unit, equipment, equipment_class) VALUES (98726, '', '2013-12-03 00:00:00', '', '2013-12-02 00:00:00', 0, 0, 1000.0000, 119, 98329, 146, 77, NULL);
INSERT INTO equipment_capability (id, description, end_time, reason, start_time, type, version, quantity_value, location, production_capability, quantity_unit, equipment, equipment_class) VALUES (98727, '', '2013-12-03 00:00:00', '', '2013-12-02 00:00:00', 0, 0, 1000.0000, 121, 98329, 146, 248, NULL);
INSERT INTO equipment_capability (id, description, end_time, reason, start_time, type, version, quantity_value, location, production_capability, quantity_unit, equipment, equipment_class) VALUES (98728, '', '2013-12-03 00:00:00', '', '2013-12-02 00:00:00', 0, 0, 2000.0000, 118, 98329, 146, 75, NULL);
INSERT INTO equipment_capability (id, description, end_time, reason, start_time, type, version, quantity_value, location, production_capability, quantity_unit, equipment, equipment_class) VALUES (98729, '', '2013-12-03 00:00:00', '', '2013-12-02 00:00:00', 0, 0, 1000.0000, 118, 98329, 146, 74, NULL);
INSERT INTO equipment_capability (id, description, end_time, reason, start_time, type, version, quantity_value, location, production_capability, quantity_unit, equipment, equipment_class) VALUES (98730, '', '2013-12-03 00:00:00', '', '2013-12-02 00:00:00', 0, 0, 1000.0000, 118, 98329, 146, 73, NULL);
INSERT INTO equipment_capability (id, description, end_time, reason, start_time, type, version, quantity_value, location, production_capability, quantity_unit, equipment, equipment_class) VALUES (98731, '', '2013-12-03 00:00:00', '', '2013-12-02 00:00:00', 0, 0, 1000.0000, 119, 98329, 146, 254, NULL);
INSERT INTO equipment_capability (id, description, end_time, reason, start_time, type, version, quantity_value, location, production_capability, quantity_unit, equipment, equipment_class) VALUES (98732, '', '2013-12-03 00:00:00', '', '2013-12-02 00:00:00', 0, 0, 1000.0000, 118, 98329, 146, 249, NULL);
INSERT INTO equipment_capability (id, description, end_time, reason, start_time, type, version, quantity_value, location, production_capability, quantity_unit, equipment, equipment_class) VALUES (98733, '', '2013-12-03 00:00:00', '', '2013-12-02 00:00:00', 0, 0, 1000.0000, 118, 98329, 146, 250, NULL);
INSERT INTO equipment_capability (id, description, end_time, reason, start_time, type, version, quantity_value, location, production_capability, quantity_unit, equipment, equipment_class) VALUES (98734, '', '2013-12-03 00:00:00', '', '2013-12-02 00:00:00', 0, 0, 1000.0000, 118, 98329, 146, 120, NULL);
INSERT INTO equipment_capability (id, description, end_time, reason, start_time, type, version, quantity_value, location, production_capability, quantity_unit, equipment, equipment_class) VALUES (98735, '', '2013-12-04 00:00:00', '', '2013-12-03 00:00:00', 0, 0, 1000.0000, 118, 98330, 146, 120, NULL);
INSERT INTO equipment_capability (id, description, end_time, reason, start_time, type, version, quantity_value, location, production_capability, quantity_unit, equipment, equipment_class) VALUES (98736, '', '2013-12-04 00:00:00', '', '2013-12-03 00:00:00', 0, 0, 1000.0000, 118, 98330, 146, 73, NULL);
INSERT INTO equipment_capability (id, description, end_time, reason, start_time, type, version, quantity_value, location, production_capability, quantity_unit, equipment, equipment_class) VALUES (98737, '', '2013-12-04 00:00:00', '', '2013-12-03 00:00:00', 0, 0, 1000.0000, 121, 98330, 146, 248, NULL);
INSERT INTO equipment_capability (id, description, end_time, reason, start_time, type, version, quantity_value, location, production_capability, quantity_unit, equipment, equipment_class) VALUES (98738, '', '2013-12-04 00:00:00', '', '2013-12-03 00:00:00', 0, 0, 1000.0000, 118, 98330, 146, 74, NULL);
INSERT INTO equipment_capability (id, description, end_time, reason, start_time, type, version, quantity_value, location, production_capability, quantity_unit, equipment, equipment_class) VALUES (98739, '', '2013-12-04 00:00:00', '', '2013-12-03 00:00:00', 0, 0, 2000.0000, 118, 98330, 146, 252, NULL);
INSERT INTO equipment_capability (id, description, end_time, reason, start_time, type, version, quantity_value, location, production_capability, quantity_unit, equipment, equipment_class) VALUES (98740, '', '2013-12-04 00:00:00', '', '2013-12-03 00:00:00', 0, 0, 1000.0000, 119, 98330, 146, 254, NULL);
INSERT INTO equipment_capability (id, description, end_time, reason, start_time, type, version, quantity_value, location, production_capability, quantity_unit, equipment, equipment_class) VALUES (98741, '', '2013-12-04 00:00:00', '', '2013-12-03 00:00:00', 0, 0, 1000.0000, 118, 98330, 146, 246, NULL);
INSERT INTO equipment_capability (id, description, end_time, reason, start_time, type, version, quantity_value, location, production_capability, quantity_unit, equipment, equipment_class) VALUES (98742, '', '2013-12-04 00:00:00', '', '2013-12-03 00:00:00', 0, 0, 2000.0000, 121, 98330, 146, 69, NULL);
INSERT INTO equipment_capability (id, description, end_time, reason, start_time, type, version, quantity_value, location, production_capability, quantity_unit, equipment, equipment_class) VALUES (98743, '', '2013-12-04 00:00:00', '', '2013-12-03 00:00:00', 0, 0, 2000.0000, 118, 98330, 146, 75, NULL);
INSERT INTO equipment_capability (id, description, end_time, reason, start_time, type, version, quantity_value, location, production_capability, quantity_unit, equipment, equipment_class) VALUES (98744, '', '2013-12-04 00:00:00', '', '2013-12-03 00:00:00', 0, 0, 1000.0000, 118, 98330, 146, 251, NULL);
INSERT INTO equipment_capability (id, description, end_time, reason, start_time, type, version, quantity_value, location, production_capability, quantity_unit, equipment, equipment_class) VALUES (98745, '', '2013-12-04 00:00:00', '', '2013-12-03 00:00:00', 0, 0, 750.0000, 118, 98330, 146, 72, NULL);
INSERT INTO equipment_capability (id, description, end_time, reason, start_time, type, version, quantity_value, location, production_capability, quantity_unit, equipment, equipment_class) VALUES (98746, '', '2013-12-04 00:00:00', '', '2013-12-03 00:00:00', 0, 0, 2000.0000, 118, 98330, 146, 253, NULL);
INSERT INTO equipment_capability (id, description, end_time, reason, start_time, type, version, quantity_value, location, production_capability, quantity_unit, equipment, equipment_class) VALUES (98747, '', '2013-12-04 00:00:00', '', '2013-12-03 00:00:00', 0, 0, 2000.0000, 118, 98330, 146, 76, NULL);
INSERT INTO equipment_capability (id, description, end_time, reason, start_time, type, version, quantity_value, location, production_capability, quantity_unit, equipment, equipment_class) VALUES (98748, '', '2013-12-04 00:00:00', '', '2013-12-03 00:00:00', 0, 0, 1000.0000, 118, 98330, 146, 249, NULL);
INSERT INTO equipment_capability (id, description, end_time, reason, start_time, type, version, quantity_value, location, production_capability, quantity_unit, equipment, equipment_class) VALUES (98749, '', '2013-12-04 00:00:00', '', '2013-12-03 00:00:00', 0, 0, 1000.0000, 119, 98330, 146, 77, NULL);
INSERT INTO equipment_capability (id, description, end_time, reason, start_time, type, version, quantity_value, location, production_capability, quantity_unit, equipment, equipment_class) VALUES (98750, '', '2013-12-04 00:00:00', '', '2013-12-03 00:00:00', 0, 0, 1000.0000, 118, 98330, 146, 250, NULL);
INSERT INTO equipment_capability (id, description, end_time, reason, start_time, type, version, quantity_value, location, production_capability, quantity_unit, equipment, equipment_class) VALUES (98751, '', '2013-12-05 00:00:00', '', '2013-12-04 00:00:00', 0, 0, 2000.0000, 118, 98331, 146, 253, NULL);
INSERT INTO equipment_capability (id, description, end_time, reason, start_time, type, version, quantity_value, location, production_capability, quantity_unit, equipment, equipment_class) VALUES (98752, '', '2013-12-05 00:00:00', '', '2013-12-04 00:00:00', 0, 0, 2000.0000, 118, 98331, 146, 75, NULL);
INSERT INTO equipment_capability (id, description, end_time, reason, start_time, type, version, quantity_value, location, production_capability, quantity_unit, equipment, equipment_class) VALUES (98753, '', '2013-12-05 00:00:00', '', '2013-12-04 00:00:00', 0, 0, 1000.0000, 118, 98331, 146, 249, NULL);
INSERT INTO equipment_capability (id, description, end_time, reason, start_time, type, version, quantity_value, location, production_capability, quantity_unit, equipment, equipment_class) VALUES (98754, '', '2013-12-05 00:00:00', '', '2013-12-04 00:00:00', 0, 0, 1000.0000, 119, 98331, 146, 254, NULL);
INSERT INTO equipment_capability (id, description, end_time, reason, start_time, type, version, quantity_value, location, production_capability, quantity_unit, equipment, equipment_class) VALUES (98755, '', '2013-12-05 00:00:00', '', '2013-12-04 00:00:00', 0, 0, 2000.0000, 118, 98331, 146, 252, NULL);
INSERT INTO equipment_capability (id, description, end_time, reason, start_time, type, version, quantity_value, location, production_capability, quantity_unit, equipment, equipment_class) VALUES (98756, '', '2013-12-05 00:00:00', '', '2013-12-04 00:00:00', 0, 0, 1000.0000, 118, 98331, 146, 246, NULL);
INSERT INTO equipment_capability (id, description, end_time, reason, start_time, type, version, quantity_value, location, production_capability, quantity_unit, equipment, equipment_class) VALUES (98757, '', '2013-12-05 00:00:00', '', '2013-12-04 00:00:00', 0, 0, 1000.0000, 118, 98331, 146, 74, NULL);
INSERT INTO equipment_capability (id, description, end_time, reason, start_time, type, version, quantity_value, location, production_capability, quantity_unit, equipment, equipment_class) VALUES (98758, '', '2013-12-05 00:00:00', '', '2013-12-04 00:00:00', 0, 0, 1000.0000, 118, 98331, 146, 250, NULL);
INSERT INTO equipment_capability (id, description, end_time, reason, start_time, type, version, quantity_value, location, production_capability, quantity_unit, equipment, equipment_class) VALUES (98759, '', '2013-12-05 00:00:00', '', '2013-12-04 00:00:00', 0, 0, 1000.0000, 119, 98331, 146, 77, NULL);
INSERT INTO equipment_capability (id, description, end_time, reason, start_time, type, version, quantity_value, location, production_capability, quantity_unit, equipment, equipment_class) VALUES (98760, '', '2013-12-05 00:00:00', '', '2013-12-04 00:00:00', 0, 0, 1000.0000, 118, 98331, 146, 120, NULL);
INSERT INTO equipment_capability (id, description, end_time, reason, start_time, type, version, quantity_value, location, production_capability, quantity_unit, equipment, equipment_class) VALUES (98761, '', '2013-12-05 00:00:00', '', '2013-12-04 00:00:00', 0, 0, 1000.0000, 118, 98331, 146, 73, NULL);
INSERT INTO equipment_capability (id, description, end_time, reason, start_time, type, version, quantity_value, location, production_capability, quantity_unit, equipment, equipment_class) VALUES (98762, '', '2013-12-05 00:00:00', '', '2013-12-04 00:00:00', 0, 0, 750.0000, 118, 98331, 146, 72, NULL);
INSERT INTO equipment_capability (id, description, end_time, reason, start_time, type, version, quantity_value, location, production_capability, quantity_unit, equipment, equipment_class) VALUES (98763, '', '2013-12-05 00:00:00', '', '2013-12-04 00:00:00', 0, 0, 2000.0000, 121, 98331, 146, 69, NULL);
INSERT INTO equipment_capability (id, description, end_time, reason, start_time, type, version, quantity_value, location, production_capability, quantity_unit, equipment, equipment_class) VALUES (98764, '', '2013-12-05 00:00:00', '', '2013-12-04 00:00:00', 0, 0, 1000.0000, 118, 98331, 146, 251, NULL);
INSERT INTO equipment_capability (id, description, end_time, reason, start_time, type, version, quantity_value, location, production_capability, quantity_unit, equipment, equipment_class) VALUES (98765, '', '2013-12-05 00:00:00', '', '2013-12-04 00:00:00', 0, 0, 2000.0000, 118, 98331, 146, 76, NULL);
INSERT INTO equipment_capability (id, description, end_time, reason, start_time, type, version, quantity_value, location, production_capability, quantity_unit, equipment, equipment_class) VALUES (98766, '', '2013-12-05 00:00:00', '', '2013-12-04 00:00:00', 0, 0, 1000.0000, 121, 98331, 146, 248, NULL);
INSERT INTO equipment_capability (id, description, end_time, reason, start_time, type, version, quantity_value, location, production_capability, quantity_unit, equipment, equipment_class) VALUES (98767, '', '2013-12-06 00:00:00', '', '2013-12-05 00:00:00', 0, 0, 2000.0000, 118, 98332, 146, 75, NULL);
INSERT INTO equipment_capability (id, description, end_time, reason, start_time, type, version, quantity_value, location, production_capability, quantity_unit, equipment, equipment_class) VALUES (98768, '', '2013-12-06 00:00:00', '', '2013-12-05 00:00:00', 0, 0, 1000.0000, 118, 98332, 146, 250, NULL);
INSERT INTO equipment_capability (id, description, end_time, reason, start_time, type, version, quantity_value, location, production_capability, quantity_unit, equipment, equipment_class) VALUES (98769, '', '2013-12-06 00:00:00', '', '2013-12-05 00:00:00', 0, 0, 1000.0000, 118, 98332, 146, 246, NULL);
INSERT INTO equipment_capability (id, description, end_time, reason, start_time, type, version, quantity_value, location, production_capability, quantity_unit, equipment, equipment_class) VALUES (98770, '', '2013-12-06 00:00:00', '', '2013-12-05 00:00:00', 0, 0, 1000.0000, 119, 98332, 146, 77, NULL);
INSERT INTO equipment_capability (id, description, end_time, reason, start_time, type, version, quantity_value, location, production_capability, quantity_unit, equipment, equipment_class) VALUES (98771, '', '2013-12-06 00:00:00', '', '2013-12-05 00:00:00', 0, 0, 2000.0000, 118, 98332, 146, 252, NULL);
INSERT INTO equipment_capability (id, description, end_time, reason, start_time, type, version, quantity_value, location, production_capability, quantity_unit, equipment, equipment_class) VALUES (98772, '', '2013-12-06 00:00:00', '', '2013-12-05 00:00:00', 0, 0, 1000.0000, 119, 98332, 146, 254, NULL);
INSERT INTO equipment_capability (id, description, end_time, reason, start_time, type, version, quantity_value, location, production_capability, quantity_unit, equipment, equipment_class) VALUES (98773, '', '2013-12-06 00:00:00', '', '2013-12-05 00:00:00', 0, 0, 750.0000, 118, 98332, 146, 72, NULL);
INSERT INTO equipment_capability (id, description, end_time, reason, start_time, type, version, quantity_value, location, production_capability, quantity_unit, equipment, equipment_class) VALUES (98774, '', '2013-12-06 00:00:00', '', '2013-12-05 00:00:00', 0, 0, 2000.0000, 118, 98332, 146, 76, NULL);
INSERT INTO equipment_capability (id, description, end_time, reason, start_time, type, version, quantity_value, location, production_capability, quantity_unit, equipment, equipment_class) VALUES (98775, '', '2013-12-06 00:00:00', '', '2013-12-05 00:00:00', 0, 0, 1000.0000, 118, 98332, 146, 251, NULL);
INSERT INTO equipment_capability (id, description, end_time, reason, start_time, type, version, quantity_value, location, production_capability, quantity_unit, equipment, equipment_class) VALUES (98776, '', '2013-12-06 00:00:00', '', '2013-12-05 00:00:00', 0, 0, 2000.0000, 121, 98332, 146, 69, NULL);
INSERT INTO equipment_capability (id, description, end_time, reason, start_time, type, version, quantity_value, location, production_capability, quantity_unit, equipment, equipment_class) VALUES (98777, '', '2013-12-06 00:00:00', '', '2013-12-05 00:00:00', 0, 0, 1000.0000, 118, 98332, 146, 120, NULL);
INSERT INTO equipment_capability (id, description, end_time, reason, start_time, type, version, quantity_value, location, production_capability, quantity_unit, equipment, equipment_class) VALUES (98778, '', '2013-12-06 00:00:00', '', '2013-12-05 00:00:00', 0, 0, 1000.0000, 118, 98332, 146, 73, NULL);
INSERT INTO equipment_capability (id, description, end_time, reason, start_time, type, version, quantity_value, location, production_capability, quantity_unit, equipment, equipment_class) VALUES (98779, '', '2013-12-06 00:00:00', '', '2013-12-05 00:00:00', 0, 0, 2000.0000, 118, 98332, 146, 253, NULL);
INSERT INTO equipment_capability (id, description, end_time, reason, start_time, type, version, quantity_value, location, production_capability, quantity_unit, equipment, equipment_class) VALUES (98780, '', '2013-12-06 00:00:00', '', '2013-12-05 00:00:00', 0, 0, 1000.0000, 118, 98332, 146, 249, NULL);
INSERT INTO equipment_capability (id, description, end_time, reason, start_time, type, version, quantity_value, location, production_capability, quantity_unit, equipment, equipment_class) VALUES (98781, '', '2013-12-06 00:00:00', '', '2013-12-05 00:00:00', 0, 0, 1000.0000, 121, 98332, 146, 248, NULL);
INSERT INTO equipment_capability (id, description, end_time, reason, start_time, type, version, quantity_value, location, production_capability, quantity_unit, equipment, equipment_class) VALUES (98782, '', '2013-12-06 00:00:00', '', '2013-12-05 00:00:00', 0, 0, 1000.0000, 118, 98332, 146, 74, NULL);
INSERT INTO equipment_capability (id, description, end_time, reason, start_time, type, version, quantity_value, location, production_capability, quantity_unit, equipment, equipment_class) VALUES (98783, '', '2013-12-07 00:00:00', '', '2013-12-06 00:00:00', 0, 0, 2000.0000, 118, 98333, 146, 252, NULL);
INSERT INTO equipment_capability (id, description, end_time, reason, start_time, type, version, quantity_value, location, production_capability, quantity_unit, equipment, equipment_class) VALUES (98784, '', '2013-12-07 00:00:00', '', '2013-12-06 00:00:00', 0, 0, 1000.0000, 119, 98333, 146, 254, NULL);
INSERT INTO equipment_capability (id, description, end_time, reason, start_time, type, version, quantity_value, location, production_capability, quantity_unit, equipment, equipment_class) VALUES (98785, '', '2013-12-07 00:00:00', '', '2013-12-06 00:00:00', 0, 0, 1000.0000, 118, 98333, 146, 251, NULL);
INSERT INTO equipment_capability (id, description, end_time, reason, start_time, type, version, quantity_value, location, production_capability, quantity_unit, equipment, equipment_class) VALUES (98786, '', '2013-12-07 00:00:00', '', '2013-12-06 00:00:00', 0, 0, 2000.0000, 118, 98333, 146, 76, NULL);
INSERT INTO equipment_capability (id, description, end_time, reason, start_time, type, version, quantity_value, location, production_capability, quantity_unit, equipment, equipment_class) VALUES (98787, '', '2013-12-07 00:00:00', '', '2013-12-06 00:00:00', 0, 0, 1000.0000, 118, 98333, 146, 74, NULL);
INSERT INTO equipment_capability (id, description, end_time, reason, start_time, type, version, quantity_value, location, production_capability, quantity_unit, equipment, equipment_class) VALUES (98788, '', '2013-12-07 00:00:00', '', '2013-12-06 00:00:00', 0, 0, 2000.0000, 121, 98333, 146, 69, NULL);
INSERT INTO equipment_capability (id, description, end_time, reason, start_time, type, version, quantity_value, location, production_capability, quantity_unit, equipment, equipment_class) VALUES (98789, '', '2013-12-07 00:00:00', '', '2013-12-06 00:00:00', 0, 0, 750.0000, 118, 98333, 146, 72, NULL);
INSERT INTO equipment_capability (id, description, end_time, reason, start_time, type, version, quantity_value, location, production_capability, quantity_unit, equipment, equipment_class) VALUES (98790, '', '2013-12-07 00:00:00', '', '2013-12-06 00:00:00', 0, 0, 2000.0000, 118, 98333, 146, 253, NULL);
INSERT INTO equipment_capability (id, description, end_time, reason, start_time, type, version, quantity_value, location, production_capability, quantity_unit, equipment, equipment_class) VALUES (98791, '', '2013-12-07 00:00:00', '', '2013-12-06 00:00:00', 0, 0, 1000.0000, 118, 98333, 146, 246, NULL);
INSERT INTO equipment_capability (id, description, end_time, reason, start_time, type, version, quantity_value, location, production_capability, quantity_unit, equipment, equipment_class) VALUES (98792, '', '2013-12-07 00:00:00', '', '2013-12-06 00:00:00', 0, 0, 1000.0000, 118, 98333, 146, 249, NULL);
INSERT INTO equipment_capability (id, description, end_time, reason, start_time, type, version, quantity_value, location, production_capability, quantity_unit, equipment, equipment_class) VALUES (98793, '', '2013-12-07 00:00:00', '', '2013-12-06 00:00:00', 0, 0, 1000.0000, 118, 98333, 146, 250, NULL);
INSERT INTO equipment_capability (id, description, end_time, reason, start_time, type, version, quantity_value, location, production_capability, quantity_unit, equipment, equipment_class) VALUES (98794, '', '2013-12-07 00:00:00', '', '2013-12-06 00:00:00', 0, 0, 1000.0000, 121, 98333, 146, 248, NULL);
INSERT INTO equipment_capability (id, description, end_time, reason, start_time, type, version, quantity_value, location, production_capability, quantity_unit, equipment, equipment_class) VALUES (98795, '', '2013-12-07 00:00:00', '', '2013-12-06 00:00:00', 0, 0, 1000.0000, 118, 98333, 146, 120, NULL);
INSERT INTO equipment_capability (id, description, end_time, reason, start_time, type, version, quantity_value, location, production_capability, quantity_unit, equipment, equipment_class) VALUES (98796, '', '2013-12-07 00:00:00', '', '2013-12-06 00:00:00', 0, 0, 2000.0000, 118, 98333, 146, 75, NULL);
INSERT INTO equipment_capability (id, description, end_time, reason, start_time, type, version, quantity_value, location, production_capability, quantity_unit, equipment, equipment_class) VALUES (98797, '', '2013-12-07 00:00:00', '', '2013-12-06 00:00:00', 0, 0, 1000.0000, 119, 98333, 146, 77, NULL);
INSERT INTO equipment_capability (id, description, end_time, reason, start_time, type, version, quantity_value, location, production_capability, quantity_unit, equipment, equipment_class) VALUES (98798, '', '2013-12-07 00:00:00', '', '2013-12-06 00:00:00', 0, 0, 1000.0000, 118, 98333, 146, 73, NULL);
INSERT INTO equipment_capability (id, description, end_time, reason, start_time, type, version, quantity_value, location, production_capability, quantity_unit, equipment, equipment_class) VALUES (98799, '', '2013-12-10 00:00:00', '', '2013-12-09 00:00:00', 0, 0, 2000.0000, 121, 98334, 146, 69, NULL);
INSERT INTO equipment_capability (id, description, end_time, reason, start_time, type, version, quantity_value, location, production_capability, quantity_unit, equipment, equipment_class) VALUES (98800, '', '2013-12-10 00:00:00', '', '2013-12-09 00:00:00', 0, 0, 1000.0000, 118, 98334, 146, 120, NULL);
INSERT INTO equipment_capability (id, description, end_time, reason, start_time, type, version, quantity_value, location, production_capability, quantity_unit, equipment, equipment_class) VALUES (98801, '', '2013-12-10 00:00:00', '', '2013-12-09 00:00:00', 0, 0, 2000.0000, 118, 98334, 146, 76, NULL);
INSERT INTO equipment_capability (id, description, end_time, reason, start_time, type, version, quantity_value, location, production_capability, quantity_unit, equipment, equipment_class) VALUES (98802, '', '2013-12-10 00:00:00', '', '2013-12-09 00:00:00', 0, 0, 2000.0000, 118, 98334, 146, 75, NULL);
INSERT INTO equipment_capability (id, description, end_time, reason, start_time, type, version, quantity_value, location, production_capability, quantity_unit, equipment, equipment_class) VALUES (98803, '', '2013-12-10 00:00:00', '', '2013-12-09 00:00:00', 0, 0, 1000.0000, 118, 98334, 146, 73, NULL);
INSERT INTO equipment_capability (id, description, end_time, reason, start_time, type, version, quantity_value, location, production_capability, quantity_unit, equipment, equipment_class) VALUES (98804, '', '2013-12-10 00:00:00', '', '2013-12-09 00:00:00', 0, 0, 2000.0000, 118, 98334, 146, 253, NULL);
INSERT INTO equipment_capability (id, description, end_time, reason, start_time, type, version, quantity_value, location, production_capability, quantity_unit, equipment, equipment_class) VALUES (98805, '', '2013-12-10 00:00:00', '', '2013-12-09 00:00:00', 0, 0, 750.0000, 118, 98334, 146, 72, NULL);
INSERT INTO equipment_capability (id, description, end_time, reason, start_time, type, version, quantity_value, location, production_capability, quantity_unit, equipment, equipment_class) VALUES (98806, '', '2013-12-10 00:00:00', '', '2013-12-09 00:00:00', 0, 0, 1000.0000, 119, 98334, 146, 77, NULL);
INSERT INTO equipment_capability (id, description, end_time, reason, start_time, type, version, quantity_value, location, production_capability, quantity_unit, equipment, equipment_class) VALUES (98807, '', '2013-12-10 00:00:00', '', '2013-12-09 00:00:00', 0, 0, 2000.0000, 118, 98334, 146, 252, NULL);
INSERT INTO equipment_capability (id, description, end_time, reason, start_time, type, version, quantity_value, location, production_capability, quantity_unit, equipment, equipment_class) VALUES (98808, '', '2013-12-10 00:00:00', '', '2013-12-09 00:00:00', 0, 0, 1000.0000, 121, 98334, 146, 248, NULL);
INSERT INTO equipment_capability (id, description, end_time, reason, start_time, type, version, quantity_value, location, production_capability, quantity_unit, equipment, equipment_class) VALUES (98809, '', '2013-12-10 00:00:00', '', '2013-12-09 00:00:00', 0, 0, 1000.0000, 118, 98334, 146, 249, NULL);
INSERT INTO equipment_capability (id, description, end_time, reason, start_time, type, version, quantity_value, location, production_capability, quantity_unit, equipment, equipment_class) VALUES (98810, '', '2013-12-10 00:00:00', '', '2013-12-09 00:00:00', 0, 0, 1000.0000, 118, 98334, 146, 246, NULL);
INSERT INTO equipment_capability (id, description, end_time, reason, start_time, type, version, quantity_value, location, production_capability, quantity_unit, equipment, equipment_class) VALUES (98811, '', '2013-12-10 00:00:00', '', '2013-12-09 00:00:00', 0, 0, 1000.0000, 118, 98334, 146, 251, NULL);
INSERT INTO equipment_capability (id, description, end_time, reason, start_time, type, version, quantity_value, location, production_capability, quantity_unit, equipment, equipment_class) VALUES (98812, '', '2013-12-10 00:00:00', '', '2013-12-09 00:00:00', 0, 0, 1000.0000, 118, 98334, 146, 74, NULL);
INSERT INTO equipment_capability (id, description, end_time, reason, start_time, type, version, quantity_value, location, production_capability, quantity_unit, equipment, equipment_class) VALUES (98813, '', '2013-12-10 00:00:00', '', '2013-12-09 00:00:00', 0, 0, 1000.0000, 118, 98334, 146, 250, NULL);
INSERT INTO equipment_capability (id, description, end_time, reason, start_time, type, version, quantity_value, location, production_capability, quantity_unit, equipment, equipment_class) VALUES (98814, '', '2013-12-10 00:00:00', '', '2013-12-09 00:00:00', 0, 0, 1000.0000, 119, 98334, 146, 254, NULL);
ALTER TABLE equipment_capability ENABLE TRIGGER ALL;
ALTER TABLE equipment_capability_property DISABLE TRIGGER ALL;
ALTER TABLE equipment_capability_property ENABLE TRIGGER ALL;
ALTER TABLE equipment_class_property DISABLE TRIGGER ALL;
ALTER TABLE equipment_class_property ENABLE TRIGGER ALL;
ALTER TABLE equipment_capability_test_spec DISABLE TRIGGER ALL;
ALTER TABLE equipment_capability_test_spec ENABLE TRIGGER ALL;
ALTER TABLE equipment_property DISABLE TRIGGER ALL;
ALTER TABLE equipment_property ENABLE TRIGGER ALL;
ALTER TABLE equipment_capability_test_result DISABLE TRIGGER ALL;
ALTER TABLE equipment_capability_test_result ENABLE TRIGGER ALL;
ALTER TABLE equipment_classes DISABLE TRIGGER ALL;
INSERT INTO equipment_classes (members, classes) VALUES (69, 158);
INSERT INTO equipment_classes (members, classes) VALUES (72, 159);
INSERT INTO equipment_classes (members, classes) VALUES (75, 161);
INSERT INTO equipment_classes (members, classes) VALUES (76, 162);
INSERT INTO equipment_classes (members, classes) VALUES (77, 163);
INSERT INTO equipment_classes (members, classes) VALUES (74, 160);
INSERT INTO equipment_classes (members, classes) VALUES (73, 164);
INSERT INTO equipment_classes (members, classes) VALUES (120, 171);
INSERT INTO equipment_classes (members, classes) VALUES (246, 171);
INSERT INTO equipment_classes (members, classes) VALUES (248, 158);
INSERT INTO equipment_classes (members, classes) VALUES (249, 159);
INSERT INTO equipment_classes (members, classes) VALUES (250, 160);
INSERT INTO equipment_classes (members, classes) VALUES (251, 164);
INSERT INTO equipment_classes (members, classes) VALUES (252, 161);
INSERT INTO equipment_classes (members, classes) VALUES (253, 162);
INSERT INTO equipment_classes (members, classes) VALUES (254, 163);
ALTER TABLE equipment_classes ENABLE TRIGGER ALL;
ALTER TABLE product_segment DISABLE TRIGGER ALL;
INSERT INTO product_segment (id, description, duration, segment_id, version, duration_unit, parent, rule) VALUES (239, '', NULL, 'PPR-RL2-Parent', 0, NULL, NULL, 190);
INSERT INTO product_segment (id, description, duration, segment_id, version, duration_unit, parent, rule) VALUES (240, '', NULL, 'PPR-RL4-Parent', 0, NULL, NULL, 192);
INSERT INTO product_segment (id, description, duration, segment_id, version, duration_unit, parent, rule) VALUES (241, '', NULL, 'PPR-RM2-Parent', 0, NULL, NULL, 193);
INSERT INTO product_segment (id, description, duration, segment_id, version, duration_unit, parent, rule) VALUES (242, '', NULL, 'PPR-RM4-Parent', 0, NULL, NULL, 194);
INSERT INTO product_segment (id, description, duration, segment_id, version, duration_unit, parent, rule) VALUES (243, '', NULL, 'PPR-RC2-Parent', 0, NULL, NULL, 195);
INSERT INTO product_segment (id, description, duration, segment_id, version, duration_unit, parent, rule) VALUES (244, '', NULL, 'PPR-RC4-Parent', 0, NULL, NULL, 196);
INSERT INTO product_segment (id, description, duration, segment_id, version, duration_unit, parent, rule) VALUES (201, '', NULL, 'PPR-RL2-BoxLoading', 1, NULL, 239, 190);
INSERT INTO product_segment (id, description, duration, segment_id, version, duration_unit, parent, rule) VALUES (202, '', NULL, 'PPR-RL2-Setup', 1, NULL, 239, 190);
INSERT INTO product_segment (id, description, duration, segment_id, version, duration_unit, parent, rule) VALUES (204, '', NULL, 'PPR-RL4-HRectifying', 1, NULL, 240, 192);
INSERT INTO product_segment (id, description, duration, segment_id, version, duration_unit, parent, rule) VALUES (205, '', NULL, 'PPR-RL4-VRectifying', 1, NULL, 240, 192);
INSERT INTO product_segment (id, description, duration, segment_id, version, duration_unit, parent, rule) VALUES (206, '', NULL, 'PPR-RL4-Setup', 1, NULL, 240, 192);
INSERT INTO product_segment (id, description, duration, segment_id, version, duration_unit, parent, rule) VALUES (207, '', NULL, 'PPR-RL4-Drying', 1, NULL, 240, 192);
INSERT INTO product_segment (id, description, duration, segment_id, version, duration_unit, parent, rule) VALUES (208, '', NULL, 'PPR-RL4-Inspection', 1, NULL, 240, 192);
INSERT INTO product_segment (id, description, duration, segment_id, version, duration_unit, parent, rule) VALUES (209, '', NULL, 'PPR-RL4-BoxLoading', 1, NULL, 240, 192);
INSERT INTO product_segment (id, description, duration, segment_id, version, duration_unit, parent, rule) VALUES (210, '', NULL, 'PPR-RM2-Setup', 1, NULL, 241, 193);
INSERT INTO product_segment (id, description, duration, segment_id, version, duration_unit, parent, rule) VALUES (211, '', NULL, 'PPR-RM2-Feed', 1, NULL, 241, 193);
INSERT INTO product_segment (id, description, duration, segment_id, version, duration_unit, parent, rule) VALUES (212, '', NULL, 'PPR-RM2-HRectifying', 1, NULL, 241, 193);
INSERT INTO product_segment (id, description, duration, segment_id, version, duration_unit, parent, rule) VALUES (213, '', NULL, 'PPR-RM2-Drying', 1, NULL, 241, 193);
INSERT INTO product_segment (id, description, duration, segment_id, version, duration_unit, parent, rule) VALUES (214, '', NULL, 'PPR-RM2-Inspection', 1, NULL, 241, 193);
INSERT INTO product_segment (id, description, duration, segment_id, version, duration_unit, parent, rule) VALUES (215, '', NULL, 'PPR-RM2-BoxLoading', 1, NULL, 241, 193);
INSERT INTO product_segment (id, description, duration, segment_id, version, duration_unit, parent, rule) VALUES (216, '', NULL, 'PPR-RM4-Setup', 1, NULL, 242, 194);
INSERT INTO product_segment (id, description, duration, segment_id, version, duration_unit, parent, rule) VALUES (217, '', NULL, 'PPR-RM4-Feed', 1, NULL, 242, 194);
INSERT INTO product_segment (id, description, duration, segment_id, version, duration_unit, parent, rule) VALUES (218, '', NULL, 'PPR-RM4-HRectifying', 1, NULL, 242, 194);
INSERT INTO product_segment (id, description, duration, segment_id, version, duration_unit, parent, rule) VALUES (219, '', NULL, 'PPR-RM4-VRectifying', 1, NULL, 242, 194);
INSERT INTO product_segment (id, description, duration, segment_id, version, duration_unit, parent, rule) VALUES (221, '', NULL, 'PPR-RM4-Drying', 2, NULL, 242, 194);
INSERT INTO product_segment (id, description, duration, segment_id, version, duration_unit, parent, rule) VALUES (222, '', NULL, 'PPR-RM4-Inspection', 1, NULL, 242, 194);
INSERT INTO product_segment (id, description, duration, segment_id, version, duration_unit, parent, rule) VALUES (223, '', NULL, 'PPR-RM4-BoxLoading', 1, NULL, 242, 194);
INSERT INTO product_segment (id, description, duration, segment_id, version, duration_unit, parent, rule) VALUES (224, '', NULL, 'PPR-RC2-Setup', 1, NULL, 243, 195);
INSERT INTO product_segment (id, description, duration, segment_id, version, duration_unit, parent, rule) VALUES (226, '', NULL, 'PPR-RC2-HRectifying', 1, NULL, 243, 195);
INSERT INTO product_segment (id, description, duration, segment_id, version, duration_unit, parent, rule) VALUES (227, '', NULL, 'PPR-RC2-Drying', 1, NULL, 243, 195);
INSERT INTO product_segment (id, description, duration, segment_id, version, duration_unit, parent, rule) VALUES (228, '', NULL, 'PPR-RC2-Inspection', 1, NULL, 243, 195);
INSERT INTO product_segment (id, description, duration, segment_id, version, duration_unit, parent, rule) VALUES (230, '', NULL, 'PPR-RC2-Cut', 1, NULL, 243, 195);
INSERT INTO product_segment (id, description, duration, segment_id, version, duration_unit, parent, rule) VALUES (229, '', NULL, 'PPR-RC2-BoxLoading', 2, NULL, 243, 195);
INSERT INTO product_segment (id, description, duration, segment_id, version, duration_unit, parent, rule) VALUES (231, '', NULL, 'PPR-RC4-Setup', 1, NULL, 244, 196);
INSERT INTO product_segment (id, description, duration, segment_id, version, duration_unit, parent, rule) VALUES (233, '', NULL, 'PPR-RC4-Cut', 1, NULL, 244, 196);
INSERT INTO product_segment (id, description, duration, segment_id, version, duration_unit, parent, rule) VALUES (234, '', NULL, 'PPR-RC4-HRectifying', 1, NULL, 244, 196);
INSERT INTO product_segment (id, description, duration, segment_id, version, duration_unit, parent, rule) VALUES (235, '', NULL, 'PPR-RC4-VRectifying', 1, NULL, 244, 196);
INSERT INTO product_segment (id, description, duration, segment_id, version, duration_unit, parent, rule) VALUES (236, '', NULL, 'PPR-RC4-Drying', 1, NULL, 244, 196);
INSERT INTO product_segment (id, description, duration, segment_id, version, duration_unit, parent, rule) VALUES (237, '', NULL, 'PPR-RC4-Inspection', 1, NULL, 244, 196);
INSERT INTO product_segment (id, description, duration, segment_id, version, duration_unit, parent, rule) VALUES (238, '', NULL, 'PPR-RC4-BoxLoading', 1, NULL, 244, 196);
INSERT INTO product_segment (id, description, duration, segment_id, version, duration_unit, parent, rule) VALUES (198, '', NULL, 'PRR-RL2-Dry', 2, NULL, 239, 190);
INSERT INTO product_segment (id, description, duration, segment_id, version, duration_unit, parent, rule) VALUES (199, '', NULL, 'PPR-RL2-Inspect', 2, NULL, 239, 190);
INSERT INTO product_segment (id, description, duration, segment_id, version, duration_unit, parent, rule) VALUES (200, '', NULL, 'PPR-RL2-HRectifying', 2, NULL, 239, 190);
INSERT INTO product_segment (id, description, duration, segment_id, version, duration_unit, parent, rule) VALUES (203, '', NULL, 'PPR-RL4-Feed', 2, NULL, 240, 192);
INSERT INTO product_segment (id, description, duration, segment_id, version, duration_unit, parent, rule) VALUES (225, '', NULL, 'PPR-RC2-Feed', 2, NULL, 243, 195);
INSERT INTO product_segment (id, description, duration, segment_id, version, duration_unit, parent, rule) VALUES (232, '', NULL, 'PPR-RC4-Feed', 2, NULL, 244, 196);
INSERT INTO product_segment (id, description, duration, segment_id, version, duration_unit, parent, rule) VALUES (197, '', NULL, 'PPR-RL2-Feed', 4, NULL, 239, 190);
ALTER TABLE product_segment ENABLE TRIGGER ALL;
ALTER TABLE segment_requirement DISABLE TRIGGER ALL;
ALTER TABLE segment_requirement ENABLE TRIGGER ALL;
ALTER TABLE equipment_requirement DISABLE TRIGGER ALL;
ALTER TABLE equipment_requirement ENABLE TRIGGER ALL;
ALTER TABLE equipment_requirement_equipment DISABLE TRIGGER ALL;
ALTER TABLE equipment_requirement_equipment ENABLE TRIGGER ALL;
ALTER TABLE equipment_requirement_equipment_classes DISABLE TRIGGER ALL;
ALTER TABLE equipment_requirement_equipment_classes ENABLE TRIGGER ALL;
ALTER TABLE equipment_requirement_property DISABLE TRIGGER ALL;
ALTER TABLE equipment_requirement_property ENABLE TRIGGER ALL;
ALTER TABLE equipment_segment_spec DISABLE TRIGGER ALL;
INSERT INTO equipment_segment_spec (id, description, quantity_value, version, process_segment, quantity_unit, equipment, equipment_class) VALUES (2, '', NULL, 0, 155, NULL, NULL, 161);
INSERT INTO equipment_segment_spec (id, description, quantity_value, version, process_segment, quantity_unit, equipment, equipment_class) VALUES (32769, '', NULL, 0, 153, NULL, NULL, 160);
INSERT INTO equipment_segment_spec (id, description, quantity_value, version, process_segment, quantity_unit, equipment, equipment_class) VALUES (32770, '', NULL, 0, 154, NULL, NULL, 164);
INSERT INTO equipment_segment_spec (id, description, quantity_value, version, process_segment, quantity_unit, equipment, equipment_class) VALUES (32771, '', NULL, 0, 152, NULL, NULL, 159);
INSERT INTO equipment_segment_spec (id, description, quantity_value, version, process_segment, quantity_unit, equipment, equipment_class) VALUES (32772, '', NULL, 0, 156, NULL, NULL, 162);
INSERT INTO equipment_segment_spec (id, description, quantity_value, version, process_segment, quantity_unit, equipment, equipment_class) VALUES (32768, '', NULL, 1, 151, NULL, NULL, 158);
INSERT INTO equipment_segment_spec (id, description, quantity_value, version, process_segment, quantity_unit, equipment, equipment_class) VALUES (32773, '', NULL, 0, 157, NULL, NULL, 163);
INSERT INTO equipment_segment_spec (id, description, quantity_value, version, process_segment, quantity_unit, equipment, equipment_class) VALUES (32775, '', NULL, 0, 164, NULL, NULL, 160);
INSERT INTO equipment_segment_spec (id, description, quantity_value, version, process_segment, quantity_unit, equipment, equipment_class) VALUES (32776, '', NULL, 0, 165, NULL, NULL, 164);
INSERT INTO equipment_segment_spec (id, description, quantity_value, version, process_segment, quantity_unit, equipment, equipment_class) VALUES (32777, '', NULL, 0, 172, NULL, NULL, 160);
INSERT INTO equipment_segment_spec (id, description, quantity_value, version, process_segment, quantity_unit, equipment, equipment_class) VALUES (32778, '', NULL, 0, 173, NULL, NULL, 164);
INSERT INTO equipment_segment_spec (id, description, quantity_value, version, process_segment, quantity_unit, equipment, equipment_class) VALUES (65536, '', NULL, 0, 254, NULL, NULL, 158);
ALTER TABLE equipment_segment_spec ENABLE TRIGGER ALL;
ALTER TABLE equipment_segment_spec_property DISABLE TRIGGER ALL;
ALTER TABLE equipment_segment_spec_property ENABLE TRIGGER ALL;
ALTER TABLE equipment_spec DISABLE TRIGGER ALL;
INSERT INTO equipment_spec (id, description, quantity_value, version, quantity_unit, segment) VALUES (1, 'The entire line is reserved during the process.', NULL, 0, NULL, 239);
INSERT INTO equipment_spec (id, description, quantity_value, version, quantity_unit, segment) VALUES (2, 'The entire line is reserved during the process.', NULL, 0, NULL, 240);
INSERT INTO equipment_spec (id, description, quantity_value, version, quantity_unit, segment) VALUES (3, 'The entire line is reserved during the process.', NULL, 0, NULL, 241);
INSERT INTO equipment_spec (id, description, quantity_value, version, quantity_unit, segment) VALUES (4, 'The entire line is reserved during the process.', NULL, 0, NULL, 242);
INSERT INTO equipment_spec (id, description, quantity_value, version, quantity_unit, segment) VALUES (5, 'The entire line is reserved during the process.', NULL, 0, NULL, 243);
INSERT INTO equipment_spec (id, description, quantity_value, version, quantity_unit, segment) VALUES (6, 'The entire line is reserved during the process.', NULL, 0, NULL, 244);
ALTER TABLE equipment_spec ENABLE TRIGGER ALL;
ALTER TABLE equipment_spec_equipment DISABLE TRIGGER ALL;
ALTER TABLE equipment_spec_equipment ENABLE TRIGGER ALL;
ALTER TABLE equipment_spec_equipment_classes DISABLE TRIGGER ALL;
INSERT INTO equipment_spec_equipment_classes (equipment_spec, equipment_classes) VALUES (1, 171);
INSERT INTO equipment_spec_equipment_classes (equipment_spec, equipment_classes) VALUES (2, 171);
INSERT INTO equipment_spec_equipment_classes (equipment_spec, equipment_classes) VALUES (3, 171);
INSERT INTO equipment_spec_equipment_classes (equipment_spec, equipment_classes) VALUES (4, 171);
INSERT INTO equipment_spec_equipment_classes (equipment_spec, equipment_classes) VALUES (5, 171);
INSERT INTO equipment_spec_equipment_classes (equipment_spec, equipment_classes) VALUES (6, 171);
ALTER TABLE equipment_spec_equipment_classes ENABLE TRIGGER ALL;
ALTER TABLE equipment_spec_property DISABLE TRIGGER ALL;
ALTER TABLE equipment_spec_property ENABLE TRIGGER ALL;
ALTER SEQUENCE hibernate_sequence RESTART WITH 258; ALTER SEQUENCE hibernate_sequence INCREMENT BY 1;
ALTER TABLE hibernate_sequences DISABLE TRIGGER ALL;
INSERT INTO hibernate_sequences (sequence_name, sequence_next_hi_value) VALUES ('personnel_segment_spec', 1);
INSERT INTO hibernate_sequences (sequence_name, sequence_next_hi_value) VALUES ('equipment_spec', 1);
INSERT INTO hibernate_sequences (sequence_name, sequence_next_hi_value) VALUES ('material_capability', 1);
INSERT INTO hibernate_sequences (sequence_name, sequence_next_hi_value) VALUES ('material_segment_spec', 2);
INSERT INTO hibernate_sequences (sequence_name, sequence_next_hi_value) VALUES ('equipment_capability', 4);
INSERT INTO hibernate_sequences (sequence_name, sequence_next_hi_value) VALUES ('equipment_segment_spec', 3);
INSERT INTO hibernate_sequences (sequence_name, sequence_next_hi_value) VALUES ('production_capability', 4);
INSERT INTO hibernate_sequences (sequence_name, sequence_next_hi_value) VALUES ('personnel_capability', 4);
ALTER TABLE hibernate_sequences ENABLE TRIGGER ALL;
ALTER TABLE maintenance_order_status DISABLE TRIGGER ALL;
INSERT INTO maintenance_order_status (id, name, version) VALUES (126, 'In work', 0);
INSERT INTO maintenance_order_status (id, name, version) VALUES (127, 'Not started', 0);
INSERT INTO maintenance_order_status (id, name, version) VALUES (128, 'Assigned', 0);
ALTER TABLE maintenance_order_status ENABLE TRIGGER ALL;
ALTER TABLE maintenance_request_status DISABLE TRIGGER ALL;
INSERT INTO maintenance_request_status (id, name, version) VALUES (129, 'Submitted', 0);
INSERT INTO maintenance_request_status (id, name, version) VALUES (130, 'Denied', 1);
INSERT INTO maintenance_request_status (id, name, version) VALUES (131, 'Closed', 0);
INSERT INTO maintenance_request_status (id, name, version) VALUES (132, 'In work', 0);
INSERT INTO maintenance_request_status (id, name, version) VALUES (133, 'In review', 0);
ALTER TABLE maintenance_request_status ENABLE TRIGGER ALL;
ALTER TABLE person DISABLE TRIGGER ALL;
INSERT INTO person (id, description, name, nationalid, surnames, version) VALUES (139, '', 'Operator 1', '00000001A', '', 0);
INSERT INTO person (id, description, name, nationalid, surnames, version) VALUES (140, '', 'Operator 2', '00000002B', '', 0);
INSERT INTO person (id, description, name, nationalid, surnames, version) VALUES (141, '', 'Operator 3', '00000003C', '', 0);
INSERT INTO person (id, description, name, nationalid, surnames, version) VALUES (142, '', 'Operator 4', '00000004D', '', 0);
INSERT INTO person (id, description, name, nationalid, surnames, version) VALUES (143, '', 'Rectifying Section Chief', '00000005E', '', 0);
ALTER TABLE person ENABLE TRIGGER ALL;
ALTER TABLE maintenance_request DISABLE TRIGGER ALL;
ALTER TABLE maintenance_request ENABLE TRIGGER ALL;
ALTER TABLE maintenance_response_status DISABLE TRIGGER ALL;
INSERT INTO maintenance_response_status (id, name, version) VALUES (134, 'In process', 0);
INSERT INTO maintenance_response_status (id, name, version) VALUES (135, 'Suspended', 0);
INSERT INTO maintenance_response_status (id, name, version) VALUES (136, 'Completed', 0);
ALTER TABLE maintenance_response_status ENABLE TRIGGER ALL;
ALTER TABLE maintenance_work_order DISABLE TRIGGER ALL;
ALTER TABLE maintenance_work_order ENABLE TRIGGER ALL;
ALTER TABLE maintenance_response DISABLE TRIGGER ALL;
ALTER TABLE maintenance_response ENABLE TRIGGER ALL;
ALTER TABLE maintenance_response_consumables DISABLE TRIGGER ALL;
ALTER TABLE maintenance_response_consumables ENABLE TRIGGER ALL;
ALTER TABLE maintenance_work_order_requests DISABLE TRIGGER ALL;
ALTER TABLE maintenance_work_order_requests ENABLE TRIGGER ALL;
ALTER TABLE maintenance_work_order_resources DISABLE TRIGGER ALL;
ALTER TABLE maintenance_work_order_resources ENABLE TRIGGER ALL;
ALTER TABLE material_actual DISABLE TRIGGER ALL;
ALTER TABLE material_actual ENABLE TRIGGER ALL;
ALTER TABLE material_class DISABLE TRIGGER ALL;
INSERT INTO material_class (id, class_id, description, version) VALUES (95, 'Consumables', 'Consumables required by the process', 0);
INSERT INTO material_class (id, class_id, description, version) VALUES (96, 'Source Material', 'Materials used as inputs for the process', 0);
INSERT INTO material_class (id, class_id, description, version) VALUES (103, 'Rectified tiles', 'Tiles that have been rectified on 2 or more sides. These are our finished goods.', 1);
ALTER TABLE material_class ENABLE TRIGGER ALL;
ALTER TABLE material_actual_material_classes DISABLE TRIGGER ALL;
ALTER TABLE material_actual_material_classes ENABLE TRIGGER ALL;
ALTER TABLE material_definition DISABLE TRIGGER ALL;
INSERT INTO material_definition (id, definition_id, description, version) VALUES (99, 'CNS-01-GW', 'Grinding wheels required by the rectifiers', 2);
INSERT INTO material_definition (id, definition_id, description, version) VALUES (100, 'CNS-02-BR', 'Replacement belts for the process', 2);
INSERT INTO material_definition (id, definition_id, description, version) VALUES (101, 'SM-01-M', 'Medium-size porcelanic tile, before rectifying', 3);
INSERT INTO material_definition (id, definition_id, description, version) VALUES (102, 'SM-02-L', 'Large-sized porcelanic tile, before rectifying', 3);
INSERT INTO material_definition (id, definition_id, description, version) VALUES (104, 'FP-01-M4', 'Medium-sized porcelanic tile, after rectifying on 4 sides', 1);
INSERT INTO material_definition (id, definition_id, description, version) VALUES (105, 'FP-02-M2', 'Medium-sized porcelanic tile after rectifying on 2 sides', 1);
INSERT INTO material_definition (id, definition_id, description, version) VALUES (106, 'FP-03-L2', 'Large-sized porcelanic tile, after rectifying on 2 sides', 1);
INSERT INTO material_definition (id, definition_id, description, version) VALUES (107, 'FP-04-L4', 'Large-sized porcelanic tile, after rectifying on 4 sides', 1);
INSERT INTO material_definition (id, definition_id, description, version) VALUES (168, 'SM-03-C', 'Custom-cut tiles (from large tiles)', 0);
INSERT INTO material_definition (id, definition_id, description, version) VALUES (169, 'FP-05-C4', 'Custom-cut rectified tile on 4 sides', 0);
INSERT INTO material_definition (id, definition_id, description, version) VALUES (170, 'FP-06-C2', 'Custom-cut rectified tile on 2 sides', 0);
ALTER TABLE material_definition ENABLE TRIGGER ALL;
ALTER TABLE material_actual_material_definitions DISABLE TRIGGER ALL;
ALTER TABLE material_actual_material_definitions ENABLE TRIGGER ALL;
ALTER TABLE material_lot_status DISABLE TRIGGER ALL;
INSERT INTO material_lot_status (id, name, version) VALUES (113, 'Released', 0);
INSERT INTO material_lot_status (id, name, version) VALUES (114, 'Approved', 0);
INSERT INTO material_lot_status (id, name, version) VALUES (115, 'Blocked', 0);
INSERT INTO material_lot_status (id, name, version) VALUES (116, 'In process', 0);
INSERT INTO material_lot_status (id, name, version) VALUES (117, 'In QC', 0);
ALTER TABLE material_lot_status ENABLE TRIGGER ALL;
ALTER TABLE material_lot DISABLE TRIGGER ALL;
INSERT INTO material_lot (id, description, lot_id, version, definition, status) VALUES (121, 'Lot #1 of SM-01-M', 'SM-01-M-L01', 0, 101, 113);
INSERT INTO material_lot (id, description, lot_id, version, definition, status) VALUES (122, 'Lot #1 of SM-02-L', 'SM-02-L-L01', 0, 102, 113);
ALTER TABLE material_lot ENABLE TRIGGER ALL;
ALTER TABLE material_actual_material_lots DISABLE TRIGGER ALL;
ALTER TABLE material_actual_material_lots ENABLE TRIGGER ALL;
ALTER TABLE material_sublot DISABLE TRIGGER ALL;
INSERT INTO material_sublot (id, description, quantity_value, sublot_id, version, lot, parent, quantity_unit, status, storage_location) VALUES (122, 'Sublot #1 of SM-01-M-L01', 300.0000, 'SM-01-M-L01-S01', 1, 121, NULL, 146, 113, 121);
INSERT INTO material_sublot (id, description, quantity_value, sublot_id, version, lot, parent, quantity_unit, status, storage_location) VALUES (123, 'Sublot #1 of SM-02-L-L01', 300.0000, 'SM-02-L-L01-S01', 1, 122, NULL, 146, 113, 121);
ALTER TABLE material_sublot ENABLE TRIGGER ALL;
ALTER TABLE material_actual_material_sublots DISABLE TRIGGER ALL;
ALTER TABLE material_actual_material_sublots ENABLE TRIGGER ALL;
ALTER TABLE material_actual_property DISABLE TRIGGER ALL;
ALTER TABLE material_actual_property ENABLE TRIGGER ALL;
ALTER TABLE material_capability DISABLE TRIGGER ALL;
ALTER TABLE material_capability ENABLE TRIGGER ALL;
ALTER TABLE material_capability_property DISABLE TRIGGER ALL;
ALTER TABLE material_capability_property ENABLE TRIGGER ALL;
ALTER TABLE material_class_property DISABLE TRIGGER ALL;
ALTER TABLE material_class_property ENABLE TRIGGER ALL;
ALTER TABLE qatest_spec DISABLE TRIGGER ALL;
ALTER TABLE qatest_spec ENABLE TRIGGER ALL;
ALTER TABLE material_class_property_quality_test_specs DISABLE TRIGGER ALL;
ALTER TABLE material_class_property_quality_test_specs ENABLE TRIGGER ALL;
ALTER TABLE material_definition_material_classes DISABLE TRIGGER ALL;
INSERT INTO material_definition_material_classes (definitions, material_classes) VALUES (99, 95);
INSERT INTO material_definition_material_classes (definitions, material_classes) VALUES (100, 95);
INSERT INTO material_definition_material_classes (definitions, material_classes) VALUES (101, 96);
INSERT INTO material_definition_material_classes (definitions, material_classes) VALUES (102, 96);
INSERT INTO material_definition_material_classes (definitions, material_classes) VALUES (104, 103);
INSERT INTO material_definition_material_classes (definitions, material_classes) VALUES (105, 103);
INSERT INTO material_definition_material_classes (definitions, material_classes) VALUES (106, 103);
INSERT INTO material_definition_material_classes (definitions, material_classes) VALUES (107, 103);
INSERT INTO material_definition_material_classes (definitions, material_classes) VALUES (168, 96);
INSERT INTO material_definition_material_classes (definitions, material_classes) VALUES (169, 103);
INSERT INTO material_definition_material_classes (definitions, material_classes) VALUES (170, 103);
ALTER TABLE material_definition_material_classes ENABLE TRIGGER ALL;
ALTER TABLE material_definition_property DISABLE TRIGGER ALL;
INSERT INTO material_definition_property (id, description, name, value, version, unit, definition) VALUES (109, '', 'Caliber', 'G1', 0, 108, 104);
INSERT INTO material_definition_property (id, description, name, value, version, unit, definition) VALUES (110, 'G2', 'Caliber', '', 0, 108, 105);
INSERT INTO material_definition_property (id, description, name, value, version, unit, definition) VALUES (111, '', 'Caliber', 'G3', 0, 108, 107);
INSERT INTO material_definition_property (id, description, name, value, version, unit, definition) VALUES (112, '', 'Caliber', 'G4', 0, 108, 106);
ALTER TABLE material_definition_property ENABLE TRIGGER ALL;
ALTER TABLE material_definition_property_quality_test_specs DISABLE TRIGGER ALL;
ALTER TABLE material_definition_property_quality_test_specs ENABLE TRIGGER ALL;
ALTER TABLE material_lot_property DISABLE TRIGGER ALL;
ALTER TABLE material_lot_property ENABLE TRIGGER ALL;
ALTER TABLE material_requirement DISABLE TRIGGER ALL;
ALTER TABLE material_requirement ENABLE TRIGGER ALL;
ALTER TABLE material_requirement_material_classes DISABLE TRIGGER ALL;
ALTER TABLE material_requirement_material_classes ENABLE TRIGGER ALL;
ALTER TABLE material_requirement_material_definitions DISABLE TRIGGER ALL;
ALTER TABLE material_requirement_material_definitions ENABLE TRIGGER ALL;
ALTER TABLE material_requirement_material_lots DISABLE TRIGGER ALL;
ALTER TABLE material_requirement_material_lots ENABLE TRIGGER ALL;
ALTER TABLE material_requirement_material_sublots DISABLE TRIGGER ALL;
ALTER TABLE material_requirement_material_sublots ENABLE TRIGGER ALL;
ALTER TABLE material_requirement_property DISABLE TRIGGER ALL;
ALTER TABLE material_requirement_property ENABLE TRIGGER ALL;
ALTER TABLE material_segment_spec DISABLE TRIGGER ALL;
INSERT INTO material_segment_spec (id, description, quantity_value, version, material_use, process_segment, quantity_unit, material_class, material_definition) VALUES (1, '', 30.0000, 2, 0, 153, 146, NULL, 101);
INSERT INTO material_segment_spec (id, description, quantity_value, version, material_use, process_segment, quantity_unit, material_class, material_definition) VALUES (2, '', 30.0000, 2, 1, 153, 146, NULL, 105);
INSERT INTO material_segment_spec (id, description, quantity_value, version, material_use, process_segment, quantity_unit, material_class, material_definition) VALUES (3, '', 30.0000, 2, 0, 154, 146, NULL, 105);
INSERT INTO material_segment_spec (id, description, quantity_value, version, material_use, process_segment, quantity_unit, material_class, material_definition) VALUES (4, '', 30.0000, 2, 1, 154, 146, NULL, 104);
INSERT INTO material_segment_spec (id, description, quantity_value, version, material_use, process_segment, quantity_unit, material_class, material_definition) VALUES (6, '', 30.0000, 2, 1, 164, 146, NULL, 106);
INSERT INTO material_segment_spec (id, description, quantity_value, version, material_use, process_segment, quantity_unit, material_class, material_definition) VALUES (9, '', 30.0000, 1, 1, 165, 146, NULL, 107);
INSERT INTO material_segment_spec (id, description, quantity_value, version, material_use, process_segment, quantity_unit, material_class, material_definition) VALUES (5, '', 30.0000, 2, 0, 164, 146, NULL, 102);
INSERT INTO material_segment_spec (id, description, quantity_value, version, material_use, process_segment, quantity_unit, material_class, material_definition) VALUES (8, '', 30.0000, 2, 0, 165, 146, NULL, 106);
INSERT INTO material_segment_spec (id, description, quantity_value, version, material_use, process_segment, quantity_unit, material_class, material_definition) VALUES (7, '', 30.0000, 2, 0, 172, 146, NULL, 168);
INSERT INTO material_segment_spec (id, description, quantity_value, version, material_use, process_segment, quantity_unit, material_class, material_definition) VALUES (10, '', 30.0000, 1, 1, 172, 146, NULL, 170);
INSERT INTO material_segment_spec (id, description, quantity_value, version, material_use, process_segment, quantity_unit, material_class, material_definition) VALUES (11, '', 30.0000, 1, 0, 173, 146, NULL, 170);
INSERT INTO material_segment_spec (id, description, quantity_value, version, material_use, process_segment, quantity_unit, material_class, material_definition) VALUES (12, '', 30.0000, 1, 1, 173, 146, NULL, 169);
INSERT INTO material_segment_spec (id, description, quantity_value, version, material_use, process_segment, quantity_unit, material_class, material_definition) VALUES (13, '', 30.0000, 1, 0, 152, 146, NULL, 102);
INSERT INTO material_segment_spec (id, description, quantity_value, version, material_use, process_segment, quantity_unit, material_class, material_definition) VALUES (14, '', 30.0000, 1, 1, 152, 146, NULL, 168);
INSERT INTO material_segment_spec (id, description, quantity_value, version, material_use, process_segment, quantity_unit, material_class, material_definition) VALUES (32768, '', 30.0000, 0, 0, 151, 146, NULL, 101);
INSERT INTO material_segment_spec (id, description, quantity_value, version, material_use, process_segment, quantity_unit, material_class, material_definition) VALUES (32769, '', 30.0000, 0, 0, 254, 146, NULL, 102);
ALTER TABLE material_segment_spec ENABLE TRIGGER ALL;
ALTER TABLE material_segment_spec_property DISABLE TRIGGER ALL;
ALTER TABLE material_segment_spec_property ENABLE TRIGGER ALL;
ALTER TABLE material_spec DISABLE TRIGGER ALL;
ALTER TABLE material_spec ENABLE TRIGGER ALL;
ALTER TABLE material_spec_material_classes DISABLE TRIGGER ALL;
ALTER TABLE material_spec_material_classes ENABLE TRIGGER ALL;
ALTER TABLE material_spec_material_definitions DISABLE TRIGGER ALL;
ALTER TABLE material_spec_material_definitions ENABLE TRIGGER ALL;
ALTER TABLE material_spec_property DISABLE TRIGGER ALL;
ALTER TABLE material_spec_property ENABLE TRIGGER ALL;
ALTER TABLE person_class DISABLE TRIGGER ALL;
INSERT INTO person_class (id, description, name, version) VALUES (124, '', 'Operators', 0);
INSERT INTO person_class (id, description, name, version) VALUES (125, '', 'Plant Managers', 0);
ALTER TABLE person_class ENABLE TRIGGER ALL;
ALTER TABLE person_class_property DISABLE TRIGGER ALL;
ALTER TABLE person_class_property ENABLE TRIGGER ALL;
ALTER TABLE person_classes DISABLE TRIGGER ALL;
INSERT INTO person_classes (members, classes) VALUES (139, 124);
INSERT INTO person_classes (members, classes) VALUES (140, 124);
INSERT INTO person_classes (members, classes) VALUES (141, 124);
INSERT INTO person_classes (members, classes) VALUES (142, 124);
INSERT INTO person_classes (members, classes) VALUES (143, 125);
ALTER TABLE person_classes ENABLE TRIGGER ALL;
ALTER TABLE person_property DISABLE TRIGGER ALL;
ALTER TABLE person_property ENABLE TRIGGER ALL;
ALTER TABLE personnel_actual DISABLE TRIGGER ALL;
ALTER TABLE personnel_actual ENABLE TRIGGER ALL;
ALTER TABLE personnel_actual_people DISABLE TRIGGER ALL;
ALTER TABLE personnel_actual_people ENABLE TRIGGER ALL;
ALTER TABLE personnel_actual_personnel_classes DISABLE TRIGGER ALL;
ALTER TABLE personnel_actual_personnel_classes ENABLE TRIGGER ALL;
ALTER TABLE personnel_actual_property DISABLE TRIGGER ALL;
ALTER TABLE personnel_actual_property ENABLE TRIGGER ALL;
ALTER TABLE personnel_capability DISABLE TRIGGER ALL;
INSERT INTO personnel_capability (id, description, end_time, reason, start_time, type, version, quantity_value, location, production_capability, quantity_unit, person, personnel_class) VALUES (1, '', NULL, '', NULL, 0, 3, 4.0000, 118, 1, 244, 139, NULL);
INSERT INTO personnel_capability (id, description, end_time, reason, start_time, type, version, quantity_value, location, production_capability, quantity_unit, person, personnel_class) VALUES (32768, '', NULL, '', NULL, 0, 1, 4.0000, 118, 1, 244, 140, NULL);
INSERT INTO personnel_capability (id, description, end_time, reason, start_time, type, version, quantity_value, location, production_capability, quantity_unit, person, personnel_class) VALUES (32769, '', NULL, '', NULL, 0, 1, 4.0000, 118, 1, 244, 141, NULL);
INSERT INTO personnel_capability (id, description, end_time, reason, start_time, type, version, quantity_value, location, production_capability, quantity_unit, person, personnel_class) VALUES (32770, '', NULL, '', NULL, 0, 1, 4.0000, 118, 1, 244, 142, NULL);
INSERT INTO personnel_capability (id, description, end_time, reason, start_time, type, version, quantity_value, location, production_capability, quantity_unit, person, personnel_class) VALUES (98304, '', '2013-10-29 00:00:00', '', '2013-10-28 00:00:00', 0, 0, 4.0000, 118, 98304, 2, 141, NULL);
INSERT INTO personnel_capability (id, description, end_time, reason, start_time, type, version, quantity_value, location, production_capability, quantity_unit, person, personnel_class) VALUES (98305, '', '2013-10-29 00:00:00', '', '2013-10-28 00:00:00', 0, 0, 4.0000, 118, 98304, 2, 139, NULL);
INSERT INTO personnel_capability (id, description, end_time, reason, start_time, type, version, quantity_value, location, production_capability, quantity_unit, person, personnel_class) VALUES (98306, '', '2013-10-29 00:00:00', '', '2013-10-28 00:00:00', 0, 0, 4.0000, 118, 98304, 2, 142, NULL);
INSERT INTO personnel_capability (id, description, end_time, reason, start_time, type, version, quantity_value, location, production_capability, quantity_unit, person, personnel_class) VALUES (98307, '', '2013-10-29 00:00:00', '', '2013-10-28 00:00:00', 0, 0, 4.0000, 118, 98304, 2, 140, NULL);
INSERT INTO personnel_capability (id, description, end_time, reason, start_time, type, version, quantity_value, location, production_capability, quantity_unit, person, personnel_class) VALUES (98308, '', '2013-10-30 00:00:00', '', '2013-10-29 00:00:00', 0, 0, 4.0000, 118, 98305, 2, 142, NULL);
INSERT INTO personnel_capability (id, description, end_time, reason, start_time, type, version, quantity_value, location, production_capability, quantity_unit, person, personnel_class) VALUES (98309, '', '2013-10-30 00:00:00', '', '2013-10-29 00:00:00', 0, 0, 4.0000, 118, 98305, 2, 139, NULL);
INSERT INTO personnel_capability (id, description, end_time, reason, start_time, type, version, quantity_value, location, production_capability, quantity_unit, person, personnel_class) VALUES (98310, '', '2013-10-30 00:00:00', '', '2013-10-29 00:00:00', 0, 0, 4.0000, 118, 98305, 2, 141, NULL);
INSERT INTO personnel_capability (id, description, end_time, reason, start_time, type, version, quantity_value, location, production_capability, quantity_unit, person, personnel_class) VALUES (98311, '', '2013-10-30 00:00:00', '', '2013-10-29 00:00:00', 0, 0, 4.0000, 118, 98305, 2, 140, NULL);
INSERT INTO personnel_capability (id, description, end_time, reason, start_time, type, version, quantity_value, location, production_capability, quantity_unit, person, personnel_class) VALUES (98312, '', '2013-10-31 00:00:00', '', '2013-10-30 00:00:00', 0, 0, 4.0000, 118, 98306, 2, 140, NULL);
INSERT INTO personnel_capability (id, description, end_time, reason, start_time, type, version, quantity_value, location, production_capability, quantity_unit, person, personnel_class) VALUES (98313, '', '2013-10-31 00:00:00', '', '2013-10-30 00:00:00', 0, 0, 4.0000, 118, 98306, 2, 139, NULL);
INSERT INTO personnel_capability (id, description, end_time, reason, start_time, type, version, quantity_value, location, production_capability, quantity_unit, person, personnel_class) VALUES (98314, '', '2013-10-31 00:00:00', '', '2013-10-30 00:00:00', 0, 0, 4.0000, 118, 98306, 2, 141, NULL);
INSERT INTO personnel_capability (id, description, end_time, reason, start_time, type, version, quantity_value, location, production_capability, quantity_unit, person, personnel_class) VALUES (98315, '', '2013-10-31 00:00:00', '', '2013-10-30 00:00:00', 0, 0, 4.0000, 118, 98306, 2, 142, NULL);
INSERT INTO personnel_capability (id, description, end_time, reason, start_time, type, version, quantity_value, location, production_capability, quantity_unit, person, personnel_class) VALUES (98316, '', '2013-11-01 00:00:00', '', '2013-10-31 00:00:00', 0, 0, 4.0000, 118, 98307, 2, 141, NULL);
INSERT INTO personnel_capability (id, description, end_time, reason, start_time, type, version, quantity_value, location, production_capability, quantity_unit, person, personnel_class) VALUES (98317, '', '2013-11-01 00:00:00', '', '2013-10-31 00:00:00', 0, 0, 4.0000, 118, 98307, 2, 139, NULL);
INSERT INTO personnel_capability (id, description, end_time, reason, start_time, type, version, quantity_value, location, production_capability, quantity_unit, person, personnel_class) VALUES (98318, '', '2013-11-01 00:00:00', '', '2013-10-31 00:00:00', 0, 0, 4.0000, 118, 98307, 2, 140, NULL);
INSERT INTO personnel_capability (id, description, end_time, reason, start_time, type, version, quantity_value, location, production_capability, quantity_unit, person, personnel_class) VALUES (98319, '', '2013-11-01 00:00:00', '', '2013-10-31 00:00:00', 0, 0, 4.0000, 118, 98307, 2, 142, NULL);
INSERT INTO personnel_capability (id, description, end_time, reason, start_time, type, version, quantity_value, location, production_capability, quantity_unit, person, personnel_class) VALUES (98320, '', '2013-11-02 00:00:00', '', '2013-11-01 00:00:00', 0, 0, 4.0000, 118, 98308, 2, 141, NULL);
INSERT INTO personnel_capability (id, description, end_time, reason, start_time, type, version, quantity_value, location, production_capability, quantity_unit, person, personnel_class) VALUES (98321, '', '2013-11-02 00:00:00', '', '2013-11-01 00:00:00', 0, 0, 4.0000, 118, 98308, 2, 140, NULL);
INSERT INTO personnel_capability (id, description, end_time, reason, start_time, type, version, quantity_value, location, production_capability, quantity_unit, person, personnel_class) VALUES (98322, '', '2013-11-02 00:00:00', '', '2013-11-01 00:00:00', 0, 0, 4.0000, 118, 98308, 2, 142, NULL);
INSERT INTO personnel_capability (id, description, end_time, reason, start_time, type, version, quantity_value, location, production_capability, quantity_unit, person, personnel_class) VALUES (98323, '', '2013-11-02 00:00:00', '', '2013-11-01 00:00:00', 0, 0, 4.0000, 118, 98308, 2, 139, NULL);
INSERT INTO personnel_capability (id, description, end_time, reason, start_time, type, version, quantity_value, location, production_capability, quantity_unit, person, personnel_class) VALUES (98324, '', '2013-11-05 00:00:00', '', '2013-11-04 00:00:00', 0, 0, 4.0000, 118, 98309, 2, 141, NULL);
INSERT INTO personnel_capability (id, description, end_time, reason, start_time, type, version, quantity_value, location, production_capability, quantity_unit, person, personnel_class) VALUES (98325, '', '2013-11-05 00:00:00', '', '2013-11-04 00:00:00', 0, 0, 4.0000, 118, 98309, 2, 142, NULL);
INSERT INTO personnel_capability (id, description, end_time, reason, start_time, type, version, quantity_value, location, production_capability, quantity_unit, person, personnel_class) VALUES (98326, '', '2013-11-05 00:00:00', '', '2013-11-04 00:00:00', 0, 0, 4.0000, 118, 98309, 2, 140, NULL);
INSERT INTO personnel_capability (id, description, end_time, reason, start_time, type, version, quantity_value, location, production_capability, quantity_unit, person, personnel_class) VALUES (98327, '', '2013-11-05 00:00:00', '', '2013-11-04 00:00:00', 0, 0, 4.0000, 118, 98309, 2, 139, NULL);
INSERT INTO personnel_capability (id, description, end_time, reason, start_time, type, version, quantity_value, location, production_capability, quantity_unit, person, personnel_class) VALUES (98328, '', '2013-11-06 00:00:00', '', '2013-11-05 00:00:00', 0, 0, 4.0000, 118, 98310, 2, 140, NULL);
INSERT INTO personnel_capability (id, description, end_time, reason, start_time, type, version, quantity_value, location, production_capability, quantity_unit, person, personnel_class) VALUES (98329, '', '2013-11-06 00:00:00', '', '2013-11-05 00:00:00', 0, 0, 4.0000, 118, 98310, 2, 142, NULL);
INSERT INTO personnel_capability (id, description, end_time, reason, start_time, type, version, quantity_value, location, production_capability, quantity_unit, person, personnel_class) VALUES (98330, '', '2013-11-06 00:00:00', '', '2013-11-05 00:00:00', 0, 0, 4.0000, 118, 98310, 2, 141, NULL);
INSERT INTO personnel_capability (id, description, end_time, reason, start_time, type, version, quantity_value, location, production_capability, quantity_unit, person, personnel_class) VALUES (98331, '', '2013-11-06 00:00:00', '', '2013-11-05 00:00:00', 0, 0, 4.0000, 118, 98310, 2, 139, NULL);
INSERT INTO personnel_capability (id, description, end_time, reason, start_time, type, version, quantity_value, location, production_capability, quantity_unit, person, personnel_class) VALUES (98332, '', '2013-11-07 00:00:00', '', '2013-11-06 00:00:00', 0, 0, 4.0000, 118, 98311, 2, 139, NULL);
INSERT INTO personnel_capability (id, description, end_time, reason, start_time, type, version, quantity_value, location, production_capability, quantity_unit, person, personnel_class) VALUES (98333, '', '2013-11-07 00:00:00', '', '2013-11-06 00:00:00', 0, 0, 4.0000, 118, 98311, 2, 142, NULL);
INSERT INTO personnel_capability (id, description, end_time, reason, start_time, type, version, quantity_value, location, production_capability, quantity_unit, person, personnel_class) VALUES (98334, '', '2013-11-07 00:00:00', '', '2013-11-06 00:00:00', 0, 0, 4.0000, 118, 98311, 2, 141, NULL);
INSERT INTO personnel_capability (id, description, end_time, reason, start_time, type, version, quantity_value, location, production_capability, quantity_unit, person, personnel_class) VALUES (98335, '', '2013-11-07 00:00:00', '', '2013-11-06 00:00:00', 0, 0, 4.0000, 118, 98311, 2, 140, NULL);
INSERT INTO personnel_capability (id, description, end_time, reason, start_time, type, version, quantity_value, location, production_capability, quantity_unit, person, personnel_class) VALUES (98336, '', '2013-11-08 00:00:00', '', '2013-11-07 00:00:00', 0, 0, 4.0000, 118, 98312, 2, 140, NULL);
INSERT INTO personnel_capability (id, description, end_time, reason, start_time, type, version, quantity_value, location, production_capability, quantity_unit, person, personnel_class) VALUES (98337, '', '2013-11-08 00:00:00', '', '2013-11-07 00:00:00', 0, 0, 4.0000, 118, 98312, 2, 142, NULL);
INSERT INTO personnel_capability (id, description, end_time, reason, start_time, type, version, quantity_value, location, production_capability, quantity_unit, person, personnel_class) VALUES (98338, '', '2013-11-08 00:00:00', '', '2013-11-07 00:00:00', 0, 0, 4.0000, 118, 98312, 2, 141, NULL);
INSERT INTO personnel_capability (id, description, end_time, reason, start_time, type, version, quantity_value, location, production_capability, quantity_unit, person, personnel_class) VALUES (98339, '', '2013-11-08 00:00:00', '', '2013-11-07 00:00:00', 0, 0, 4.0000, 118, 98312, 2, 139, NULL);
INSERT INTO personnel_capability (id, description, end_time, reason, start_time, type, version, quantity_value, location, production_capability, quantity_unit, person, personnel_class) VALUES (98340, '', '2013-11-09 00:00:00', '', '2013-11-08 00:00:00', 0, 0, 4.0000, 118, 98313, 2, 139, NULL);
INSERT INTO personnel_capability (id, description, end_time, reason, start_time, type, version, quantity_value, location, production_capability, quantity_unit, person, personnel_class) VALUES (98341, '', '2013-11-09 00:00:00', '', '2013-11-08 00:00:00', 0, 0, 4.0000, 118, 98313, 2, 141, NULL);
INSERT INTO personnel_capability (id, description, end_time, reason, start_time, type, version, quantity_value, location, production_capability, quantity_unit, person, personnel_class) VALUES (98342, '', '2013-11-09 00:00:00', '', '2013-11-08 00:00:00', 0, 0, 4.0000, 118, 98313, 2, 142, NULL);
INSERT INTO personnel_capability (id, description, end_time, reason, start_time, type, version, quantity_value, location, production_capability, quantity_unit, person, personnel_class) VALUES (98343, '', '2013-11-09 00:00:00', '', '2013-11-08 00:00:00', 0, 0, 4.0000, 118, 98313, 2, 140, NULL);
INSERT INTO personnel_capability (id, description, end_time, reason, start_time, type, version, quantity_value, location, production_capability, quantity_unit, person, personnel_class) VALUES (98344, '', '2013-11-12 00:00:00', '', '2013-11-11 00:00:00', 0, 0, 4.0000, 118, 98314, 2, 141, NULL);
INSERT INTO personnel_capability (id, description, end_time, reason, start_time, type, version, quantity_value, location, production_capability, quantity_unit, person, personnel_class) VALUES (98345, '', '2013-11-12 00:00:00', '', '2013-11-11 00:00:00', 0, 0, 4.0000, 118, 98314, 2, 142, NULL);
INSERT INTO personnel_capability (id, description, end_time, reason, start_time, type, version, quantity_value, location, production_capability, quantity_unit, person, personnel_class) VALUES (98346, '', '2013-11-12 00:00:00', '', '2013-11-11 00:00:00', 0, 0, 4.0000, 118, 98314, 2, 139, NULL);
INSERT INTO personnel_capability (id, description, end_time, reason, start_time, type, version, quantity_value, location, production_capability, quantity_unit, person, personnel_class) VALUES (98347, '', '2013-11-12 00:00:00', '', '2013-11-11 00:00:00', 0, 0, 4.0000, 118, 98314, 2, 140, NULL);
INSERT INTO personnel_capability (id, description, end_time, reason, start_time, type, version, quantity_value, location, production_capability, quantity_unit, person, personnel_class) VALUES (98348, '', '2013-11-13 00:00:00', '', '2013-11-12 00:00:00', 0, 0, 4.0000, 118, 98315, 2, 141, NULL);
INSERT INTO personnel_capability (id, description, end_time, reason, start_time, type, version, quantity_value, location, production_capability, quantity_unit, person, personnel_class) VALUES (98349, '', '2013-11-13 00:00:00', '', '2013-11-12 00:00:00', 0, 0, 4.0000, 118, 98315, 2, 139, NULL);
INSERT INTO personnel_capability (id, description, end_time, reason, start_time, type, version, quantity_value, location, production_capability, quantity_unit, person, personnel_class) VALUES (98350, '', '2013-11-13 00:00:00', '', '2013-11-12 00:00:00', 0, 0, 4.0000, 118, 98315, 2, 140, NULL);
INSERT INTO personnel_capability (id, description, end_time, reason, start_time, type, version, quantity_value, location, production_capability, quantity_unit, person, personnel_class) VALUES (98351, '', '2013-11-13 00:00:00', '', '2013-11-12 00:00:00', 0, 0, 4.0000, 118, 98315, 2, 142, NULL);
INSERT INTO personnel_capability (id, description, end_time, reason, start_time, type, version, quantity_value, location, production_capability, quantity_unit, person, personnel_class) VALUES (98352, '', '2013-11-14 00:00:00', '', '2013-11-13 00:00:00', 0, 0, 4.0000, 118, 98316, 2, 142, NULL);
INSERT INTO personnel_capability (id, description, end_time, reason, start_time, type, version, quantity_value, location, production_capability, quantity_unit, person, personnel_class) VALUES (98353, '', '2013-11-14 00:00:00', '', '2013-11-13 00:00:00', 0, 0, 4.0000, 118, 98316, 2, 139, NULL);
INSERT INTO personnel_capability (id, description, end_time, reason, start_time, type, version, quantity_value, location, production_capability, quantity_unit, person, personnel_class) VALUES (98354, '', '2013-11-14 00:00:00', '', '2013-11-13 00:00:00', 0, 0, 4.0000, 118, 98316, 2, 141, NULL);
INSERT INTO personnel_capability (id, description, end_time, reason, start_time, type, version, quantity_value, location, production_capability, quantity_unit, person, personnel_class) VALUES (98355, '', '2013-11-14 00:00:00', '', '2013-11-13 00:00:00', 0, 0, 4.0000, 118, 98316, 2, 140, NULL);
INSERT INTO personnel_capability (id, description, end_time, reason, start_time, type, version, quantity_value, location, production_capability, quantity_unit, person, personnel_class) VALUES (98356, '', '2013-11-15 00:00:00', '', '2013-11-14 00:00:00', 0, 0, 4.0000, 118, 98317, 2, 140, NULL);
INSERT INTO personnel_capability (id, description, end_time, reason, start_time, type, version, quantity_value, location, production_capability, quantity_unit, person, personnel_class) VALUES (98357, '', '2013-11-15 00:00:00', '', '2013-11-14 00:00:00', 0, 0, 4.0000, 118, 98317, 2, 142, NULL);
INSERT INTO personnel_capability (id, description, end_time, reason, start_time, type, version, quantity_value, location, production_capability, quantity_unit, person, personnel_class) VALUES (98358, '', '2013-11-15 00:00:00', '', '2013-11-14 00:00:00', 0, 0, 4.0000, 118, 98317, 2, 141, NULL);
INSERT INTO personnel_capability (id, description, end_time, reason, start_time, type, version, quantity_value, location, production_capability, quantity_unit, person, personnel_class) VALUES (98359, '', '2013-11-15 00:00:00', '', '2013-11-14 00:00:00', 0, 0, 4.0000, 118, 98317, 2, 139, NULL);
INSERT INTO personnel_capability (id, description, end_time, reason, start_time, type, version, quantity_value, location, production_capability, quantity_unit, person, personnel_class) VALUES (98360, '', '2013-11-16 00:00:00', '', '2013-11-15 00:00:00', 0, 0, 4.0000, 118, 98318, 2, 140, NULL);
INSERT INTO personnel_capability (id, description, end_time, reason, start_time, type, version, quantity_value, location, production_capability, quantity_unit, person, personnel_class) VALUES (98361, '', '2013-11-16 00:00:00', '', '2013-11-15 00:00:00', 0, 0, 4.0000, 118, 98318, 2, 141, NULL);
INSERT INTO personnel_capability (id, description, end_time, reason, start_time, type, version, quantity_value, location, production_capability, quantity_unit, person, personnel_class) VALUES (98362, '', '2013-11-16 00:00:00', '', '2013-11-15 00:00:00', 0, 0, 4.0000, 118, 98318, 2, 142, NULL);
INSERT INTO personnel_capability (id, description, end_time, reason, start_time, type, version, quantity_value, location, production_capability, quantity_unit, person, personnel_class) VALUES (98363, '', '2013-11-16 00:00:00', '', '2013-11-15 00:00:00', 0, 0, 4.0000, 118, 98318, 2, 139, NULL);
INSERT INTO personnel_capability (id, description, end_time, reason, start_time, type, version, quantity_value, location, production_capability, quantity_unit, person, personnel_class) VALUES (98364, '', '2013-11-19 00:00:00', '', '2013-11-18 00:00:00', 0, 0, 4.0000, 118, 98319, 2, 142, NULL);
INSERT INTO personnel_capability (id, description, end_time, reason, start_time, type, version, quantity_value, location, production_capability, quantity_unit, person, personnel_class) VALUES (98365, '', '2013-11-19 00:00:00', '', '2013-11-18 00:00:00', 0, 0, 4.0000, 118, 98319, 2, 140, NULL);
INSERT INTO personnel_capability (id, description, end_time, reason, start_time, type, version, quantity_value, location, production_capability, quantity_unit, person, personnel_class) VALUES (98366, '', '2013-11-19 00:00:00', '', '2013-11-18 00:00:00', 0, 0, 4.0000, 118, 98319, 2, 141, NULL);
INSERT INTO personnel_capability (id, description, end_time, reason, start_time, type, version, quantity_value, location, production_capability, quantity_unit, person, personnel_class) VALUES (98367, '', '2013-11-19 00:00:00', '', '2013-11-18 00:00:00', 0, 0, 4.0000, 118, 98319, 2, 139, NULL);
INSERT INTO personnel_capability (id, description, end_time, reason, start_time, type, version, quantity_value, location, production_capability, quantity_unit, person, personnel_class) VALUES (98368, '', '2013-11-20 00:00:00', '', '2013-11-19 00:00:00', 0, 0, 4.0000, 118, 98320, 2, 139, NULL);
INSERT INTO personnel_capability (id, description, end_time, reason, start_time, type, version, quantity_value, location, production_capability, quantity_unit, person, personnel_class) VALUES (98369, '', '2013-11-20 00:00:00', '', '2013-11-19 00:00:00', 0, 0, 4.0000, 118, 98320, 2, 141, NULL);
INSERT INTO personnel_capability (id, description, end_time, reason, start_time, type, version, quantity_value, location, production_capability, quantity_unit, person, personnel_class) VALUES (98370, '', '2013-11-20 00:00:00', '', '2013-11-19 00:00:00', 0, 0, 4.0000, 118, 98320, 2, 142, NULL);
INSERT INTO personnel_capability (id, description, end_time, reason, start_time, type, version, quantity_value, location, production_capability, quantity_unit, person, personnel_class) VALUES (98371, '', '2013-11-20 00:00:00', '', '2013-11-19 00:00:00', 0, 0, 4.0000, 118, 98320, 2, 140, NULL);
INSERT INTO personnel_capability (id, description, end_time, reason, start_time, type, version, quantity_value, location, production_capability, quantity_unit, person, personnel_class) VALUES (98372, '', '2013-11-21 00:00:00', '', '2013-11-20 00:00:00', 0, 0, 4.0000, 118, 98321, 2, 141, NULL);
INSERT INTO personnel_capability (id, description, end_time, reason, start_time, type, version, quantity_value, location, production_capability, quantity_unit, person, personnel_class) VALUES (98373, '', '2013-11-21 00:00:00', '', '2013-11-20 00:00:00', 0, 0, 4.0000, 118, 98321, 2, 140, NULL);
INSERT INTO personnel_capability (id, description, end_time, reason, start_time, type, version, quantity_value, location, production_capability, quantity_unit, person, personnel_class) VALUES (98374, '', '2013-11-21 00:00:00', '', '2013-11-20 00:00:00', 0, 0, 4.0000, 118, 98321, 2, 142, NULL);
INSERT INTO personnel_capability (id, description, end_time, reason, start_time, type, version, quantity_value, location, production_capability, quantity_unit, person, personnel_class) VALUES (98375, '', '2013-11-21 00:00:00', '', '2013-11-20 00:00:00', 0, 0, 4.0000, 118, 98321, 2, 139, NULL);
INSERT INTO personnel_capability (id, description, end_time, reason, start_time, type, version, quantity_value, location, production_capability, quantity_unit, person, personnel_class) VALUES (98376, '', '2013-11-22 00:00:00', '', '2013-11-21 00:00:00', 0, 0, 4.0000, 118, 98322, 2, 139, NULL);
INSERT INTO personnel_capability (id, description, end_time, reason, start_time, type, version, quantity_value, location, production_capability, quantity_unit, person, personnel_class) VALUES (98377, '', '2013-11-22 00:00:00', '', '2013-11-21 00:00:00', 0, 0, 4.0000, 118, 98322, 2, 141, NULL);
INSERT INTO personnel_capability (id, description, end_time, reason, start_time, type, version, quantity_value, location, production_capability, quantity_unit, person, personnel_class) VALUES (98378, '', '2013-11-22 00:00:00', '', '2013-11-21 00:00:00', 0, 0, 4.0000, 118, 98322, 2, 140, NULL);
INSERT INTO personnel_capability (id, description, end_time, reason, start_time, type, version, quantity_value, location, production_capability, quantity_unit, person, personnel_class) VALUES (98379, '', '2013-11-22 00:00:00', '', '2013-11-21 00:00:00', 0, 0, 4.0000, 118, 98322, 2, 142, NULL);
INSERT INTO personnel_capability (id, description, end_time, reason, start_time, type, version, quantity_value, location, production_capability, quantity_unit, person, personnel_class) VALUES (98380, '', '2013-11-23 00:00:00', '', '2013-11-22 00:00:00', 0, 0, 4.0000, 118, 98323, 2, 139, NULL);
INSERT INTO personnel_capability (id, description, end_time, reason, start_time, type, version, quantity_value, location, production_capability, quantity_unit, person, personnel_class) VALUES (98381, '', '2013-11-23 00:00:00', '', '2013-11-22 00:00:00', 0, 0, 4.0000, 118, 98323, 2, 140, NULL);
INSERT INTO personnel_capability (id, description, end_time, reason, start_time, type, version, quantity_value, location, production_capability, quantity_unit, person, personnel_class) VALUES (98382, '', '2013-11-23 00:00:00', '', '2013-11-22 00:00:00', 0, 0, 4.0000, 118, 98323, 2, 142, NULL);
INSERT INTO personnel_capability (id, description, end_time, reason, start_time, type, version, quantity_value, location, production_capability, quantity_unit, person, personnel_class) VALUES (98383, '', '2013-11-23 00:00:00', '', '2013-11-22 00:00:00', 0, 0, 4.0000, 118, 98323, 2, 141, NULL);
INSERT INTO personnel_capability (id, description, end_time, reason, start_time, type, version, quantity_value, location, production_capability, quantity_unit, person, personnel_class) VALUES (98384, '', '2013-11-26 00:00:00', '', '2013-11-25 00:00:00', 0, 0, 4.0000, 118, 98324, 2, 139, NULL);
INSERT INTO personnel_capability (id, description, end_time, reason, start_time, type, version, quantity_value, location, production_capability, quantity_unit, person, personnel_class) VALUES (98385, '', '2013-11-26 00:00:00', '', '2013-11-25 00:00:00', 0, 0, 4.0000, 118, 98324, 2, 142, NULL);
INSERT INTO personnel_capability (id, description, end_time, reason, start_time, type, version, quantity_value, location, production_capability, quantity_unit, person, personnel_class) VALUES (98386, '', '2013-11-26 00:00:00', '', '2013-11-25 00:00:00', 0, 0, 4.0000, 118, 98324, 2, 141, NULL);
INSERT INTO personnel_capability (id, description, end_time, reason, start_time, type, version, quantity_value, location, production_capability, quantity_unit, person, personnel_class) VALUES (98387, '', '2013-11-26 00:00:00', '', '2013-11-25 00:00:00', 0, 0, 4.0000, 118, 98324, 2, 140, NULL);
INSERT INTO personnel_capability (id, description, end_time, reason, start_time, type, version, quantity_value, location, production_capability, quantity_unit, person, personnel_class) VALUES (98388, '', '2013-11-27 00:00:00', '', '2013-11-26 00:00:00', 0, 0, 4.0000, 118, 98325, 2, 139, NULL);
INSERT INTO personnel_capability (id, description, end_time, reason, start_time, type, version, quantity_value, location, production_capability, quantity_unit, person, personnel_class) VALUES (98389, '', '2013-11-27 00:00:00', '', '2013-11-26 00:00:00', 0, 0, 4.0000, 118, 98325, 2, 140, NULL);
INSERT INTO personnel_capability (id, description, end_time, reason, start_time, type, version, quantity_value, location, production_capability, quantity_unit, person, personnel_class) VALUES (98390, '', '2013-11-27 00:00:00', '', '2013-11-26 00:00:00', 0, 0, 4.0000, 118, 98325, 2, 142, NULL);
INSERT INTO personnel_capability (id, description, end_time, reason, start_time, type, version, quantity_value, location, production_capability, quantity_unit, person, personnel_class) VALUES (98391, '', '2013-11-27 00:00:00', '', '2013-11-26 00:00:00', 0, 0, 4.0000, 118, 98325, 2, 141, NULL);
INSERT INTO personnel_capability (id, description, end_time, reason, start_time, type, version, quantity_value, location, production_capability, quantity_unit, person, personnel_class) VALUES (98392, '', '2013-11-28 00:00:00', '', '2013-11-27 00:00:00', 0, 0, 4.0000, 118, 98326, 2, 141, NULL);
INSERT INTO personnel_capability (id, description, end_time, reason, start_time, type, version, quantity_value, location, production_capability, quantity_unit, person, personnel_class) VALUES (98393, '', '2013-11-28 00:00:00', '', '2013-11-27 00:00:00', 0, 0, 4.0000, 118, 98326, 2, 140, NULL);
INSERT INTO personnel_capability (id, description, end_time, reason, start_time, type, version, quantity_value, location, production_capability, quantity_unit, person, personnel_class) VALUES (98394, '', '2013-11-28 00:00:00', '', '2013-11-27 00:00:00', 0, 0, 4.0000, 118, 98326, 2, 142, NULL);
INSERT INTO personnel_capability (id, description, end_time, reason, start_time, type, version, quantity_value, location, production_capability, quantity_unit, person, personnel_class) VALUES (98395, '', '2013-11-28 00:00:00', '', '2013-11-27 00:00:00', 0, 0, 4.0000, 118, 98326, 2, 139, NULL);
INSERT INTO personnel_capability (id, description, end_time, reason, start_time, type, version, quantity_value, location, production_capability, quantity_unit, person, personnel_class) VALUES (98396, '', '2013-11-29 00:00:00', '', '2013-11-28 00:00:00', 0, 0, 4.0000, 118, 98327, 2, 140, NULL);
INSERT INTO personnel_capability (id, description, end_time, reason, start_time, type, version, quantity_value, location, production_capability, quantity_unit, person, personnel_class) VALUES (98397, '', '2013-11-29 00:00:00', '', '2013-11-28 00:00:00', 0, 0, 4.0000, 118, 98327, 2, 139, NULL);
INSERT INTO personnel_capability (id, description, end_time, reason, start_time, type, version, quantity_value, location, production_capability, quantity_unit, person, personnel_class) VALUES (98398, '', '2013-11-29 00:00:00', '', '2013-11-28 00:00:00', 0, 0, 4.0000, 118, 98327, 2, 142, NULL);
INSERT INTO personnel_capability (id, description, end_time, reason, start_time, type, version, quantity_value, location, production_capability, quantity_unit, person, personnel_class) VALUES (98399, '', '2013-11-29 00:00:00', '', '2013-11-28 00:00:00', 0, 0, 4.0000, 118, 98327, 2, 141, NULL);
INSERT INTO personnel_capability (id, description, end_time, reason, start_time, type, version, quantity_value, location, production_capability, quantity_unit, person, personnel_class) VALUES (98400, '', '2013-11-30 00:00:00', '', '2013-11-29 00:00:00', 0, 0, 4.0000, 118, 98328, 2, 139, NULL);
INSERT INTO personnel_capability (id, description, end_time, reason, start_time, type, version, quantity_value, location, production_capability, quantity_unit, person, personnel_class) VALUES (98401, '', '2013-11-30 00:00:00', '', '2013-11-29 00:00:00', 0, 0, 4.0000, 118, 98328, 2, 141, NULL);
INSERT INTO personnel_capability (id, description, end_time, reason, start_time, type, version, quantity_value, location, production_capability, quantity_unit, person, personnel_class) VALUES (98402, '', '2013-11-30 00:00:00', '', '2013-11-29 00:00:00', 0, 0, 4.0000, 118, 98328, 2, 140, NULL);
INSERT INTO personnel_capability (id, description, end_time, reason, start_time, type, version, quantity_value, location, production_capability, quantity_unit, person, personnel_class) VALUES (98403, '', '2013-11-30 00:00:00', '', '2013-11-29 00:00:00', 0, 0, 4.0000, 118, 98328, 2, 142, NULL);
INSERT INTO personnel_capability (id, description, end_time, reason, start_time, type, version, quantity_value, location, production_capability, quantity_unit, person, personnel_class) VALUES (98404, '', '2013-12-03 00:00:00', '', '2013-12-02 00:00:00', 0, 0, 4.0000, 118, 98329, 2, 141, NULL);
INSERT INTO personnel_capability (id, description, end_time, reason, start_time, type, version, quantity_value, location, production_capability, quantity_unit, person, personnel_class) VALUES (98405, '', '2013-12-03 00:00:00', '', '2013-12-02 00:00:00', 0, 0, 4.0000, 118, 98329, 2, 142, NULL);
INSERT INTO personnel_capability (id, description, end_time, reason, start_time, type, version, quantity_value, location, production_capability, quantity_unit, person, personnel_class) VALUES (98406, '', '2013-12-03 00:00:00', '', '2013-12-02 00:00:00', 0, 0, 4.0000, 118, 98329, 2, 139, NULL);
INSERT INTO personnel_capability (id, description, end_time, reason, start_time, type, version, quantity_value, location, production_capability, quantity_unit, person, personnel_class) VALUES (98407, '', '2013-12-03 00:00:00', '', '2013-12-02 00:00:00', 0, 0, 4.0000, 118, 98329, 2, 140, NULL);
INSERT INTO personnel_capability (id, description, end_time, reason, start_time, type, version, quantity_value, location, production_capability, quantity_unit, person, personnel_class) VALUES (98408, '', '2013-12-04 00:00:00', '', '2013-12-03 00:00:00', 0, 0, 4.0000, 118, 98330, 2, 140, NULL);
INSERT INTO personnel_capability (id, description, end_time, reason, start_time, type, version, quantity_value, location, production_capability, quantity_unit, person, personnel_class) VALUES (98409, '', '2013-12-04 00:00:00', '', '2013-12-03 00:00:00', 0, 0, 4.0000, 118, 98330, 2, 139, NULL);
INSERT INTO personnel_capability (id, description, end_time, reason, start_time, type, version, quantity_value, location, production_capability, quantity_unit, person, personnel_class) VALUES (98410, '', '2013-12-04 00:00:00', '', '2013-12-03 00:00:00', 0, 0, 4.0000, 118, 98330, 2, 142, NULL);
INSERT INTO personnel_capability (id, description, end_time, reason, start_time, type, version, quantity_value, location, production_capability, quantity_unit, person, personnel_class) VALUES (98411, '', '2013-12-04 00:00:00', '', '2013-12-03 00:00:00', 0, 0, 4.0000, 118, 98330, 2, 141, NULL);
INSERT INTO personnel_capability (id, description, end_time, reason, start_time, type, version, quantity_value, location, production_capability, quantity_unit, person, personnel_class) VALUES (98412, '', '2013-12-05 00:00:00', '', '2013-12-04 00:00:00', 0, 0, 4.0000, 118, 98331, 2, 139, NULL);
INSERT INTO personnel_capability (id, description, end_time, reason, start_time, type, version, quantity_value, location, production_capability, quantity_unit, person, personnel_class) VALUES (98413, '', '2013-12-05 00:00:00', '', '2013-12-04 00:00:00', 0, 0, 4.0000, 118, 98331, 2, 142, NULL);
INSERT INTO personnel_capability (id, description, end_time, reason, start_time, type, version, quantity_value, location, production_capability, quantity_unit, person, personnel_class) VALUES (98414, '', '2013-12-05 00:00:00', '', '2013-12-04 00:00:00', 0, 0, 4.0000, 118, 98331, 2, 141, NULL);
INSERT INTO personnel_capability (id, description, end_time, reason, start_time, type, version, quantity_value, location, production_capability, quantity_unit, person, personnel_class) VALUES (98415, '', '2013-12-05 00:00:00', '', '2013-12-04 00:00:00', 0, 0, 4.0000, 118, 98331, 2, 140, NULL);
INSERT INTO personnel_capability (id, description, end_time, reason, start_time, type, version, quantity_value, location, production_capability, quantity_unit, person, personnel_class) VALUES (98416, '', '2013-12-06 00:00:00', '', '2013-12-05 00:00:00', 0, 0, 4.0000, 118, 98332, 2, 140, NULL);
INSERT INTO personnel_capability (id, description, end_time, reason, start_time, type, version, quantity_value, location, production_capability, quantity_unit, person, personnel_class) VALUES (98417, '', '2013-12-06 00:00:00', '', '2013-12-05 00:00:00', 0, 0, 4.0000, 118, 98332, 2, 142, NULL);
INSERT INTO personnel_capability (id, description, end_time, reason, start_time, type, version, quantity_value, location, production_capability, quantity_unit, person, personnel_class) VALUES (98418, '', '2013-12-06 00:00:00', '', '2013-12-05 00:00:00', 0, 0, 4.0000, 118, 98332, 2, 141, NULL);
INSERT INTO personnel_capability (id, description, end_time, reason, start_time, type, version, quantity_value, location, production_capability, quantity_unit, person, personnel_class) VALUES (98419, '', '2013-12-06 00:00:00', '', '2013-12-05 00:00:00', 0, 0, 4.0000, 118, 98332, 2, 139, NULL);
INSERT INTO personnel_capability (id, description, end_time, reason, start_time, type, version, quantity_value, location, production_capability, quantity_unit, person, personnel_class) VALUES (98420, '', '2013-12-07 00:00:00', '', '2013-12-06 00:00:00', 0, 0, 4.0000, 118, 98333, 2, 141, NULL);
INSERT INTO personnel_capability (id, description, end_time, reason, start_time, type, version, quantity_value, location, production_capability, quantity_unit, person, personnel_class) VALUES (98421, '', '2013-12-07 00:00:00', '', '2013-12-06 00:00:00', 0, 0, 4.0000, 118, 98333, 2, 140, NULL);
INSERT INTO personnel_capability (id, description, end_time, reason, start_time, type, version, quantity_value, location, production_capability, quantity_unit, person, personnel_class) VALUES (98422, '', '2013-12-07 00:00:00', '', '2013-12-06 00:00:00', 0, 0, 4.0000, 118, 98333, 2, 142, NULL);
INSERT INTO personnel_capability (id, description, end_time, reason, start_time, type, version, quantity_value, location, production_capability, quantity_unit, person, personnel_class) VALUES (98423, '', '2013-12-07 00:00:00', '', '2013-12-06 00:00:00', 0, 0, 4.0000, 118, 98333, 2, 139, NULL);
INSERT INTO personnel_capability (id, description, end_time, reason, start_time, type, version, quantity_value, location, production_capability, quantity_unit, person, personnel_class) VALUES (98424, '', '2013-12-10 00:00:00', '', '2013-12-09 00:00:00', 0, 0, 4.0000, 118, 98334, 2, 140, NULL);
INSERT INTO personnel_capability (id, description, end_time, reason, start_time, type, version, quantity_value, location, production_capability, quantity_unit, person, personnel_class) VALUES (98425, '', '2013-12-10 00:00:00', '', '2013-12-09 00:00:00', 0, 0, 4.0000, 118, 98334, 2, 142, NULL);
INSERT INTO personnel_capability (id, description, end_time, reason, start_time, type, version, quantity_value, location, production_capability, quantity_unit, person, personnel_class) VALUES (98426, '', '2013-12-10 00:00:00', '', '2013-12-09 00:00:00', 0, 0, 4.0000, 118, 98334, 2, 139, NULL);
INSERT INTO personnel_capability (id, description, end_time, reason, start_time, type, version, quantity_value, location, production_capability, quantity_unit, person, personnel_class) VALUES (98427, '', '2013-12-10 00:00:00', '', '2013-12-09 00:00:00', 0, 0, 4.0000, 118, 98334, 2, 141, NULL);
ALTER TABLE personnel_capability ENABLE TRIGGER ALL;
ALTER TABLE personnel_capability_property DISABLE TRIGGER ALL;
ALTER TABLE personnel_capability_property ENABLE TRIGGER ALL;
ALTER TABLE personnel_requirement DISABLE TRIGGER ALL;
ALTER TABLE personnel_requirement ENABLE TRIGGER ALL;
ALTER TABLE personnel_requirement_people DISABLE TRIGGER ALL;
ALTER TABLE personnel_requirement_people ENABLE TRIGGER ALL;
ALTER TABLE personnel_requirement_personnel_classes DISABLE TRIGGER ALL;
ALTER TABLE personnel_requirement_personnel_classes ENABLE TRIGGER ALL;
ALTER TABLE personnel_requirement_property DISABLE TRIGGER ALL;
ALTER TABLE personnel_requirement_property ENABLE TRIGGER ALL;
ALTER TABLE personnel_segment_spec DISABLE TRIGGER ALL;
INSERT INTO personnel_segment_spec (id, description, quantity_value, version, process_segment, quantity_unit, person, person_class) VALUES (1, '', NULL, 1, 151, NULL, NULL, 124);
INSERT INTO personnel_segment_spec (id, description, quantity_value, version, process_segment, quantity_unit, person, person_class) VALUES (4, '', NULL, 1, 152, NULL, NULL, 124);
INSERT INTO personnel_segment_spec (id, description, quantity_value, version, process_segment, quantity_unit, person, person_class) VALUES (3, '', NULL, 2, 154, NULL, NULL, 124);
INSERT INTO personnel_segment_spec (id, description, quantity_value, version, process_segment, quantity_unit, person, person_class) VALUES (2, '', NULL, 1, 153, NULL, NULL, 124);
INSERT INTO personnel_segment_spec (id, description, quantity_value, version, process_segment, quantity_unit, person, person_class) VALUES (6, '', NULL, 0, 156, NULL, NULL, 124);
INSERT INTO personnel_segment_spec (id, description, quantity_value, version, process_segment, quantity_unit, person, person_class) VALUES (7, '', NULL, 0, 157, NULL, NULL, 124);
INSERT INTO personnel_segment_spec (id, description, quantity_value, version, process_segment, quantity_unit, person, person_class) VALUES (8, '', NULL, 0, 164, NULL, NULL, 124);
INSERT INTO personnel_segment_spec (id, description, quantity_value, version, process_segment, quantity_unit, person, person_class) VALUES (9, '', NULL, 1, 165, NULL, NULL, 124);
INSERT INTO personnel_segment_spec (id, description, quantity_value, version, process_segment, quantity_unit, person, person_class) VALUES (10, '', NULL, 0, 166, NULL, NULL, 124);
INSERT INTO personnel_segment_spec (id, description, quantity_value, version, process_segment, quantity_unit, person, person_class) VALUES (11, '', NULL, 0, 167, NULL, NULL, 124);
INSERT INTO personnel_segment_spec (id, description, quantity_value, version, process_segment, quantity_unit, person, person_class) VALUES (12, '', NULL, 0, 172, NULL, NULL, 124);
INSERT INTO personnel_segment_spec (id, description, quantity_value, version, process_segment, quantity_unit, person, person_class) VALUES (13, '', NULL, 0, 173, NULL, NULL, 124);
INSERT INTO personnel_segment_spec (id, description, quantity_value, version, process_segment, quantity_unit, person, person_class) VALUES (5, '', NULL, 2, 155, NULL, NULL, 124);
ALTER TABLE personnel_segment_spec ENABLE TRIGGER ALL;
ALTER TABLE personnel_segment_spec_property DISABLE TRIGGER ALL;
ALTER TABLE personnel_segment_spec_property ENABLE TRIGGER ALL;
ALTER TABLE personnel_spec DISABLE TRIGGER ALL;
ALTER TABLE personnel_spec ENABLE TRIGGER ALL;
ALTER TABLE personnel_spec_people DISABLE TRIGGER ALL;
ALTER TABLE personnel_spec_people ENABLE TRIGGER ALL;
ALTER TABLE personnel_spec_personnel_class DISABLE TRIGGER ALL;
ALTER TABLE personnel_spec_personnel_class ENABLE TRIGGER ALL;
ALTER TABLE personnel_spec_property DISABLE TRIGGER ALL;
ALTER TABLE personnel_spec_property ENABLE TRIGGER ALL;
ALTER TABLE process_segment_dependency DISABLE TRIGGER ALL;
INSERT INTO process_segment_dependency (id, dependency_type, description, timing_factor, version, segmenta, segmentb, timing_unit) VALUES (174, 5, '', NULL, 0, 166, 151, NULL);
INSERT INTO process_segment_dependency (id, dependency_type, description, timing_factor, version, segmenta, segmentb, timing_unit) VALUES (179, 5, '', NULL, 1, 152, 172, NULL);
INSERT INTO process_segment_dependency (id, dependency_type, description, timing_factor, version, segmenta, segmentb, timing_unit) VALUES (180, 5, '', NULL, 0, 153, 154, NULL);
INSERT INTO process_segment_dependency (id, dependency_type, description, timing_factor, version, segmenta, segmentb, timing_unit) VALUES (181, 5, '', NULL, 0, 164, 165, NULL);
INSERT INTO process_segment_dependency (id, dependency_type, description, timing_factor, version, segmenta, segmentb, timing_unit) VALUES (182, 5, '', NULL, 0, 172, 173, NULL);
INSERT INTO process_segment_dependency (id, dependency_type, description, timing_factor, version, segmenta, segmentb, timing_unit) VALUES (183, 5, '', NULL, 0, 154, 155, NULL);
INSERT INTO process_segment_dependency (id, dependency_type, description, timing_factor, version, segmenta, segmentb, timing_unit) VALUES (184, 5, '', NULL, 0, 165, 155, NULL);
INSERT INTO process_segment_dependency (id, dependency_type, description, timing_factor, version, segmenta, segmentb, timing_unit) VALUES (185, 5, '', NULL, 2, 173, 155, NULL);
INSERT INTO process_segment_dependency (id, dependency_type, description, timing_factor, version, segmenta, segmentb, timing_unit) VALUES (186, 5, '', NULL, 0, 153, 155, NULL);
INSERT INTO process_segment_dependency (id, dependency_type, description, timing_factor, version, segmenta, segmentb, timing_unit) VALUES (187, 5, '', NULL, 0, 164, 155, NULL);
INSERT INTO process_segment_dependency (id, dependency_type, description, timing_factor, version, segmenta, segmentb, timing_unit) VALUES (188, 5, '', NULL, 0, 172, 155, NULL);
INSERT INTO process_segment_dependency (id, dependency_type, description, timing_factor, version, segmenta, segmentb, timing_unit) VALUES (189, 5, '', NULL, 0, 155, 156, NULL);
INSERT INTO process_segment_dependency (id, dependency_type, description, timing_factor, version, segmenta, segmentb, timing_unit) VALUES (190, 5, '', NULL, 0, 156, 157, NULL);
INSERT INTO process_segment_dependency (id, dependency_type, description, timing_factor, version, segmenta, segmentb, timing_unit) VALUES (255, 5, '', NULL, 0, 254, 152, NULL);
INSERT INTO process_segment_dependency (id, dependency_type, description, timing_factor, version, segmenta, segmentb, timing_unit) VALUES (256, 5, '', NULL, 0, 254, 164, NULL);
INSERT INTO process_segment_dependency (id, dependency_type, description, timing_factor, version, segmenta, segmentb, timing_unit) VALUES (257, 5, '', NULL, 0, 151, 153, NULL);
INSERT INTO process_segment_dependency (id, dependency_type, description, timing_factor, version, segmenta, segmentb, timing_unit) VALUES (175, 5, '', NULL, 1, 167, 254, NULL);
INSERT INTO process_segment_dependency (id, dependency_type, description, timing_factor, version, segmenta, segmentb, timing_unit) VALUES (258, 5, '', NULL, 0, 166, 254, NULL);
ALTER TABLE process_segment_dependency ENABLE TRIGGER ALL;
ALTER TABLE process_segment_parameter DISABLE TRIGGER ALL;
ALTER TABLE process_segment_parameter ENABLE TRIGGER ALL;
ALTER TABLE product_parameter DISABLE TRIGGER ALL;
ALTER TABLE product_parameter ENABLE TRIGGER ALL;
ALTER TABLE product_segment_dependency DISABLE TRIGGER ALL;
ALTER TABLE product_segment_dependency ENABLE TRIGGER ALL;
ALTER TABLE product_segment_process_segment DISABLE TRIGGER ALL;
INSERT INTO product_segment_process_segment (product_segment, process_segment) VALUES (198, 155);
INSERT INTO product_segment_process_segment (product_segment, process_segment) VALUES (199, 156);
INSERT INTO product_segment_process_segment (product_segment, process_segment) VALUES (200, 164);
INSERT INTO product_segment_process_segment (product_segment, process_segment) VALUES (201, 157);
INSERT INTO product_segment_process_segment (product_segment, process_segment) VALUES (202, 166);
INSERT INTO product_segment_process_segment (product_segment, process_segment) VALUES (204, 164);
INSERT INTO product_segment_process_segment (product_segment, process_segment) VALUES (205, 165);
INSERT INTO product_segment_process_segment (product_segment, process_segment) VALUES (206, 166);
INSERT INTO product_segment_process_segment (product_segment, process_segment) VALUES (207, 155);
INSERT INTO product_segment_process_segment (product_segment, process_segment) VALUES (208, 156);
INSERT INTO product_segment_process_segment (product_segment, process_segment) VALUES (209, 157);
INSERT INTO product_segment_process_segment (product_segment, process_segment) VALUES (210, 166);
INSERT INTO product_segment_process_segment (product_segment, process_segment) VALUES (211, 151);
INSERT INTO product_segment_process_segment (product_segment, process_segment) VALUES (212, 153);
INSERT INTO product_segment_process_segment (product_segment, process_segment) VALUES (213, 155);
INSERT INTO product_segment_process_segment (product_segment, process_segment) VALUES (214, 156);
INSERT INTO product_segment_process_segment (product_segment, process_segment) VALUES (215, 157);
INSERT INTO product_segment_process_segment (product_segment, process_segment) VALUES (216, 166);
INSERT INTO product_segment_process_segment (product_segment, process_segment) VALUES (217, 151);
INSERT INTO product_segment_process_segment (product_segment, process_segment) VALUES (218, 153);
INSERT INTO product_segment_process_segment (product_segment, process_segment) VALUES (219, 154);
INSERT INTO product_segment_process_segment (product_segment, process_segment) VALUES (221, 155);
INSERT INTO product_segment_process_segment (product_segment, process_segment) VALUES (222, 156);
INSERT INTO product_segment_process_segment (product_segment, process_segment) VALUES (223, 157);
INSERT INTO product_segment_process_segment (product_segment, process_segment) VALUES (224, 167);
INSERT INTO product_segment_process_segment (product_segment, process_segment) VALUES (226, 172);
INSERT INTO product_segment_process_segment (product_segment, process_segment) VALUES (227, 155);
INSERT INTO product_segment_process_segment (product_segment, process_segment) VALUES (228, 156);
INSERT INTO product_segment_process_segment (product_segment, process_segment) VALUES (229, 157);
INSERT INTO product_segment_process_segment (product_segment, process_segment) VALUES (230, 152);
INSERT INTO product_segment_process_segment (product_segment, process_segment) VALUES (231, 167);
INSERT INTO product_segment_process_segment (product_segment, process_segment) VALUES (233, 152);
INSERT INTO product_segment_process_segment (product_segment, process_segment) VALUES (234, 172);
INSERT INTO product_segment_process_segment (product_segment, process_segment) VALUES (235, 173);
INSERT INTO product_segment_process_segment (product_segment, process_segment) VALUES (236, 155);
INSERT INTO product_segment_process_segment (product_segment, process_segment) VALUES (237, 156);
INSERT INTO product_segment_process_segment (product_segment, process_segment) VALUES (238, 157);
INSERT INTO product_segment_process_segment (product_segment, process_segment) VALUES (203, 254);
INSERT INTO product_segment_process_segment (product_segment, process_segment) VALUES (225, 254);
INSERT INTO product_segment_process_segment (product_segment, process_segment) VALUES (232, 254);
INSERT INTO product_segment_process_segment (product_segment, process_segment) VALUES (197, 254);
ALTER TABLE product_segment_process_segment ENABLE TRIGGER ALL;
ALTER TABLE production_data DISABLE TRIGGER ALL;
ALTER TABLE production_data ENABLE TRIGGER ALL;
ALTER TABLE production_parameter DISABLE TRIGGER ALL;
ALTER TABLE production_parameter ENABLE TRIGGER ALL;
ALTER TABLE qatest_result DISABLE TRIGGER ALL;
ALTER TABLE qatest_result ENABLE TRIGGER ALL;
ALTER TABLE qualification_test_spec DISABLE TRIGGER ALL;
ALTER TABLE qualification_test_spec ENABLE TRIGGER ALL;
ALTER TABLE qualification_test_result DISABLE TRIGGER ALL;
ALTER TABLE qualification_test_result ENABLE TRIGGER ALL;
